county_fips,state,county,income_limit_1_person,income_limit_2_person,income_limit_3_person,income_limit_4_person,income_limit_5_person,income_limit_6_person,income_limit_7_person,income_limit_8_person
01001,Alabama,Autauga,46850,53550,60250,66900,72300,77650,83000,88350
01003,Alabama,Baldwin,52100,59550,67000,74400,80400,86350,92300,98250
01005,Alabama,Barbour,40450,46200,52000,57750,62400,67000,71650,76250
01007,Alabama,Bibb,53700,61400,69050,76700,82850,89000,95150,101250
01009,Alabama,Blount,53700,61400,69050,76700,82850,89000,95150,101250
01011,Alabama,Bullock,40450,46200,52000,57750,62400,67000,71650,76250
01013,Alabama,Butler,40450,46200,52000,57750,62400,67000,71650,76250
01015,Alabama,Calhoun,41450,47400,53300,59200,63950,68700,73450,78150
01017,Alabama,Chambers,40450,46200,52000,57750,62400,67000,71650,76250
01019,Alabama,Cherokee,40700,46500,52300,58100,62750,67400,72050,76700
01021,Alabama,Chilton,44900,51300,57700,64100,69250,74400,79500,84650
01023,Alabama,Choctaw,40700,46500,52300,58100,62750,67400,72050,76700
01025,Alabama,Clarke,42000,48000,54000,60000,64800,69600,74400,79200
01027,Alabama,Clay,40450,46200,52000,57750,62400,67000,71650,76250
01029,Alabama,Cleburne,44450,50800,57150,63500,68600,73700,78750,83850
01031,Alabama,Coffee,48400,55300,62200,69100,74650,80200,85700,91250
01033,Alabama,Colbert,46150,52750,59350,65900,71200,76450,81750,87000
01035,Alabama,Conecuh,40450,46200,52000,57750,62400,67000,71650,76250
01037,Alabama,Coosa,41400,47300,53200,59100,63850,68600,73300,78050
01039,Alabama,Covington,40700,46500,52300,58100,62750,67400,72050,76700
01041,Alabama,Crenshaw,40700,46500,52300,58100,62750,67400,72050,76700
01043,Alabama,Cullman,45550,52050,58550,65050,70300,75500,80700,85900
01045,Alabama,Dale,42250,48250,54300,60300,65150,69950,74800,79600
01047,Alabama,Dallas,40450,46200,52000,57750,62400,67000,71650,76250
01049,Alabama,DeKalb,40450,46200,52000,57750,62400,67000,71650,76250
01051,Alabama,Elmore,46850,53550,60250,66900,72300,77650,83000,88350
01053,Alabama,Escambia,40450,46200,52000,57750,62400,67000,71650,76250
01055,Alabama,Etowah,40700,46500,52300,58100,62750,67400,72050,76700
01057,Alabama,Fayette,40500,46250,52050,57800,62450,67050,71700,76300
01059,Alabama,Franklin,40450,46200,52000,57750,62400,67000,71650,76250
01061,Alabama,Geneva,43800,50050,56300,62550,67600,72600,77600,82600
01063,Alabama,Greene,40450,46200,52000,57750,62400,67000,71650,76250
01065,Alabama,Hale,51050,58350,65650,72900,78750,84600,90400,96250
01067,Alabama,Henry,47900,54750,61600,68400,73900,79350,84850,90300
01069,Alabama,Houston,43800,50050,56300,62550,67600,72600,77600,82600
01071,Alabama,Jackson,40450,46200,52000,57750,62400,67000,71650,76250
01073,Alabama,Jefferson,53700,61400,69050,76700,82850,89000,95150,101250
01075,Alabama,Lamar,40700,46500,52300,58100,62750,67400,72050,76700
01077,Alabama,Lauderdale,46150,52750,59350,65900,71200,76450,81750,87000
01079,Alabama,Lawrence,50200,57400,64550,71700,77450,83200,88950,94650
01081,Alabama,Lee,53400,61000,68650,76250,82350,88450,94550,100650
01083,Alabama,Limestone,64700,73950,83200,92400,99800,107200,114600,122000
01085,Alabama,Lowndes,46850,53550,60250,66900,72300,77650,83000,88350
01087,Alabama,Macon,40450,46200,52000,57750,62400,67000,71650,76250
01089,Alabama,Madison,64700,73950,83200,92400,99800,107200,114600,122000
01091,Alabama,Marengo,43550,49750,55950,62150,67150,72100,77100,82050
01093,Alabama,Marion,40700,46500,52300,58100,62750,67400,72050,76700
01095,Alabama,Marshall,41650,47600,53550,59500,64300,69050,73800,78550
01097,Alabama,Mobile,45650,52200,58700,65200,70450,75650,80850,86100
01099,Alabama,Monroe,40450,46200,52000,57750,62400,67000,71650,76250
01101,Alabama,Montgomery,46850,53550,60250,66900,72300,77650,83000,88350
01103,Alabama,Morgan,50200,57400,64550,71700,77450,83200,88950,94650
01105,Alabama,Perry,40450,46200,52000,57750,62400,67000,71650,76250
01107,Alabama,Pickens,40450,46200,52000,57750,62400,67000,71650,76250
01109,Alabama,Pike,43550,49750,55950,62150,67150,72100,77100,82050
01111,Alabama,Randolph,40500,46250,52050,57800,62450,67050,71700,76300
01113,Alabama,Russell,43150,49300,55450,61600,66550,71500,76400,81350
01115,Alabama,St.Clair,53700,61400,69050,76700,82850,89000,95150,101250
01117,Alabama,Shelby,53700,61400,69050,76700,82850,89000,95150,101250
01119,Alabama,Sumter,40450,46200,52000,57750,62400,67000,71650,76250
01121,Alabama,Talladega,41100,47000,52850,58700,63400,68100,72800,77500
01123,Alabama,Tallapoosa,41200,47050,52950,58800,63550,68250,72950,77650
01125,Alabama,Tuscaloosa,51050,58350,65650,72900,78750,84600,90400,96250
01127,Alabama,Walker,43650,49850,56100,62300,67300,72300,77300,82250
01129,Alabama,Washington,43850,50100,56350,62600,67650,72650,77650,82650
01131,Alabama,Wilcox,40450,46200,52000,57750,62400,67000,71650,76250
01133,Alabama,Winston,40450,46200,52000,57750,62400,67000,71650,76250
13001,Georgia,Appling,42700,48800,54900,60950,65850,70750,75600,80500
13003,Georgia,Atkinson,42700,48800,54900,60950,65850,70750,75600,80500
13005,Georgia,Bacon,42700,48800,54900,60950,65850,70750,75600,80500
13007,Georgia,Baker,42700,48800,54900,60950,65850,70750,75600,80500
13009,Georgia,Baldwin,44750,51150,57550,63900,69050,74150,79250,84350
13011,Georgia,Banks,45050,51500,57950,64350,69500,74650,79800,84950
13013,Georgia,Barrow,63950,73100,82250,91350,98700,106000,113300,120600
13015,Georgia,Bartow,63950,73100,82250,91350,98700,106000,113300,120600
13017,Georgia,BenHill,42700,48800,54900,60950,65850,70750,75600,80500
13019,Georgia,Berrien,42700,48800,54900,60950,65850,70750,75600,80500
13021,Georgia,Bibb,43250,49400,55600,61750,66700,71650,76600,81550
13023,Georgia,Bleckley,42700,48800,54900,60950,65850,70750,75600,80500
13025,Georgia,Brantley,47100,53800,60550,67250,72650,78050,83400,88800
13027,Georgia,Brooks,43150,49300,55450,61600,66550,71500,76400,81350
13029,Georgia,Bryan,55800,63800,71750,79700,86100,92500,98850,105250
13031,Georgia,Bulloch,43550,49750,55950,62150,67150,72100,77100,82050
13033,Georgia,Burke,49500,56550,63600,70650,76350,82000,87650,93300
13035,Georgia,Butts,43750,50000,56250,62450,67450,72450,77450,82450
13037,Georgia,Calhoun,42700,48800,54900,60950,65850,70750,75600,80500
13039,Georgia,Camden,48550,55450,62400,69300,74850,80400,85950,91500
13043,Georgia,Candler,42700,48800,54900,60950,65850,70750,75600,80500
13045,Georgia,Carroll,63950,73100,82250,91350,98700,106000,113300,120600
13047,Georgia,Catoosa,53500,61150,68800,76400,82550,88650,94750,100850
13049,Georgia,Charlton,42700,48800,54900,60950,65850,70750,75600,80500
13051,Georgia,Chatham,55800,63800,71750,79700,86100,92500,98850,105250
13053,Georgia,Chattahoochee,43150,49300,55450,61600,66550,71500,76400,81350
13055,Georgia,Chattooga,42700,48800,54900,60950,65850,70750,75600,80500
13057,Georgia,Cherokee,63950,73100,82250,91350,98700,106000,113300,120600
13059,Georgia,Clarke,52850,60400,67950,75450,81500,87550,93600,99600
13061,Georgia,Clay,42700,48800,54900,60950,65850,70750,75600,80500
13063,Georgia,Clayton,63950,73100,82250,91350,98700,106000,113300,120600
13065,Georgia,Clinch,43250,49400,55600,61750,66700,71650,76600,81550
13067,Georgia,Cobb,63950,73100,82250,91350,98700,106000,113300,120600
13069,Georgia,Coffee,42700,48800,54900,60950,65850,70750,75600,80500
13071,Georgia,Colquitt,42700,48800,54900,60950,65850,70750,75600,80500
13073,Georgia,Columbia,49500,56550,63600,70650,76350,82000,87650,93300
13075,Georgia,Cook,42700,48800,54900,60950,65850,70750,75600,80500
13077,Georgia,Coweta,63950,73100,82250,91350,98700,106000,113300,120600
13079,Georgia,Crawford,43250,49400,55600,61750,66700,71650,76600,81550
13081,Georgia,Crisp,42700,48800,54900,60950,65850,70750,75600,80500
13083,Georgia,Dade,53500,61150,68800,76400,82550,88650,94750,100850
13085,Georgia,Dawson,63950,73100,82250,91350,98700,106000,113300,120600
13087,Georgia,Decatur,42700,48800,54900,60950,65850,70750,75600,80500
13089,Georgia,DeKalb,63950,73100,82250,91350,98700,106000,113300,120600
13091,Georgia,Dodge,42700,48800,54900,60950,65850,70750,75600,80500
13093,Georgia,Dooly,42700,48800,54900,60950,65850,70750,75600,80500
13095,Georgia,Dougherty,42700,48800,54900,60950,65850,70750,75600,80500
13097,Georgia,Douglas,63950,73100,82250,91350,98700,106000,113300,120600
13099,Georgia,Early,42700,48800,54900,60950,65850,70750,75600,80500
13101,Georgia,Echols,43150,49300,55450,61600,66550,71500,76400,81350
13103,Georgia,Effingham,55800,63800,71750,79700,86100,92500,98850,105250
13105,Georgia,Elbert,42700,48800,54900,60950,65850,70750,75600,80500
13107,Georgia,Emanuel,42700,48800,54900,60950,65850,70750,75600,80500
13109,Georgia,Evans,42700,48800,54900,60950,65850,70750,75600,80500
13111,Georgia,Fannin,42700,48800,54900,60950,65850,70750,75600,80500
13113,Georgia,Fayette,63950,73100,82250,91350,98700,106000,113300,120600
13115,Georgia,Floyd,44400,50750,57100,63400,68500,73550,78650,83700
13117,Georgia,Forsyth,63950,73100,82250,91350,98700,106000,113300,120600
13119,Georgia,Franklin,42700,48800,54900,60950,65850,70750,75600,80500
13121,Georgia,Fulton,63950,73100,82250,91350,98700,106000,113300,120600
13123,Georgia,Gilmer,48500,55400,62350,69250,74800,80350,85900,91450
13125,Georgia,Glascock,45150,51600,58050,64500,69700,74850,80000,85150
13127,Georgia,Glynn,47100,53800,60550,67250,72650,78050,83400,88800
13129,Georgia,Gordon,43750,50000,56250,62450,67450,72450,77450,82450
13131,Georgia,Grady,42700,48800,54900,60950,65850,70750,75600,80500
13133,Georgia,Greene,52200,59650,67100,74550,80550,86500,92450,98450
13135,Georgia,Gwinnett,63950,73100,82250,91350,98700,106000,113300,120600
13137,Georgia,Habersham,47600,54400,61200,68000,73450,78900,84350,89800
13139,Georgia,Hall,56700,64800,72900,80950,87450,93950,100400,106900
13141,Georgia,Hancock,42700,48800,54900,60950,65850,70750,75600,80500
13143,Georgia,Haralson,46450,53050,59700,66300,71650,76950,82250,87550
13145,Georgia,Harris,43150,49300,55450,61600,66550,71500,76400,81350
13147,Georgia,Hart,45050,51450,57900,64300,69450,74600,79750,84900
13149,Georgia,Heard,63950,73100,82250,91350,98700,106000,113300,120600
13151,Georgia,Henry,63950,73100,82250,91350,98700,106000,113300,120600
13153,Georgia,Houston,54750,62550,70350,78150,84450,90700,96950,103200
13155,Georgia,Irwin,43500,49700,55900,62100,67100,72050,77050,82000
13157,Georgia,Jackson,58100,66400,74700,82950,89600,96250,102900,109500
13159,Georgia,Jasper,63950,73100,82250,91350,98700,106000,113300,120600
13161,Georgia,JeffDavis,42700,48800,54900,60950,65850,70750,75600,80500
13163,Georgia,Jefferson,42700,48800,54900,60950,65850,70750,75600,80500
13165,Georgia,Jenkins,42700,48800,54900,60950,65850,70750,75600,80500
13167,Georgia,Johnson,42700,48800,54900,60950,65850,70750,75600,80500
13169,Georgia,Jones,43250,49400,55600,61750,66700,71650,76600,81550
13171,Georgia,Lamar,47850,54650,61500,68300,73800,79250,84700,90200
13173,Georgia,Lanier,43150,49300,55450,61600,66550,71500,76400,81350
13175,Georgia,Laurens,42700,48800,54900,60950,65850,70750,75600,80500
13177,Georgia,Lee,42700,48800,54900,60950,65850,70750,75600,80500
13179,Georgia,Liberty,43900,50200,56450,62700,67750,72750,77750,82800
13181,Georgia,Lincoln,42700,48800,54900,60950,65850,70750,75600,80500
13183,Georgia,Long,42700,48800,54900,60950,65850,70750,75600,80500
13185,Georgia,Lowndes,43150,49300,55450,61600,66550,71500,76400,81350
13187,Georgia,Lumpkin,49900,57000,64150,71250,76950,82650,88350,94050
13189,Georgia,McDuffie,49500,56550,63600,70650,76350,82000,87650,93300
13191,Georgia,McIntosh,47100,53800,60550,67250,72650,78050,83400,88800
13193,Georgia,Macon,42700,48800,54900,60950,65850,70750,75600,80500
13195,Georgia,Madison,52850,60400,67950,75450,81500,87550,93600,99600
13197,Georgia,Marion,43150,49300,55450,61600,66550,71500,76400,81350
13199,Georgia,Meriwether,42700,48800,54900,60950,65850,70750,75600,80500
13201,Georgia,Miller,43750,50000,56250,62450,67450,72450,77450,82450
13205,Georgia,Mitchell,42700,48800,54900,60950,65850,70750,75600,80500
13207,Georgia,Monroe,57400,65600,73800,82000,88600,95150,101700,108250
13209,Georgia,Montgomery,42700,48800,54900,60950,65850,70750,75600,80500
13211,Georgia,Morgan,56150,64150,72150,80150,86600,93000,99400,105800
13213,Georgia,Murray,43750,50000,56250,62450,67450,72450,77450,82450
13215,Georgia,Muscogee,43150,49300,55450,61600,66550,71500,76400,81350
13217,Georgia,Newton,63950,73100,82250,91350,98700,106000,113300,120600
13219,Georgia,Oconee,52850,60400,67950,75450,81500,87550,93600,99600
13221,Georgia,Oglethorpe,52850,60400,67950,75450,81500,87550,93600,99600
13223,Georgia,Paulding,63950,73100,82250,91350,98700,106000,113300,120600
13225,Georgia,Peach,45050,51500,57950,64350,69500,74650,79800,84950
13227,Georgia,Pickens,63950,73100,82250,91350,98700,106000,113300,120600
13229,Georgia,Pierce,43150,49300,55450,61600,66550,71500,76400,81350
13231,Georgia,Pike,63950,73100,82250,91350,98700,106000,113300,120600
13233,Georgia,Polk,42700,48800,54900,60950,65850,70750,75600,80500
13235,Georgia,Pulaski,42700,48800,54900,60950,65850,70750,75600,80500
13237,Georgia,Putnam,49650,56750,63850,70900,76600,82250,87950,93600
13239,Georgia,Quitman,42700,48800,54900,60950,65850,70750,75600,80500
13241,Georgia,Rabun,43750,50000,56250,62450,67450,72450,77450,82450
13243,Georgia,Randolph,42700,48800,54900,60950,65850,70750,75600,80500
13245,Georgia,Richmond,49500,56550,63600,70650,76350,82000,87650,93300
13247,Georgia,Rockdale,63950,73100,82250,91350,98700,106000,113300,120600
13249,Georgia,Schley,43750,50000,56250,62450,67450,72450,77450,82450
13251,Georgia,Screven,42700,48800,54900,60950,65850,70750,75600,80500
13253,Georgia,Seminole,42700,48800,54900,60950,65850,70750,75600,80500
13255,Georgia,Spalding,63950,73100,82250,91350,98700,106000,113300,120600
13257,Georgia,Stephens,43150,49300,55450,61600,66550,71500,76400,81350
13259,Georgia,Stewart,42700,48800,54900,60950,65850,70750,75600,80500
13261,Georgia,Sumter,42700,48800,54900,60950,65850,70750,75600,80500
13263,Georgia,Talbot,42700,48800,54900,60950,65850,70750,75600,80500
13265,Georgia,Taliaferro,42700,48800,54900,60950,65850,70750,75600,80500
13267,Georgia,Tattnall,42700,48800,54900,60950,65850,70750,75600,80500
13269,Georgia,Taylor,42700,48800,54900,60950,65850,70750,75600,80500
13271,Georgia,Telfair,42700,48800,54900,60950,65850,70750,75600,80500
13273,Georgia,Terrell,42700,48800,54900,60950,65850,70750,75600,80500
13275,Georgia,Thomas,43750,50000,56250,62450,67450,72450,77450,82450
13277,Georgia,Tift,42700,48800,54900,60950,65850,70750,75600,80500
13279,Georgia,Toombs,42700,48800,54900,60950,65850,70750,75600,80500
13281,Georgia,Towns,43750,50000,56250,62450,67450,72450,77450,82450
13283,Georgia,Treutlen,42700,48800,54900,60950,65850,70750,75600,80500
13285,Georgia,Troup,46900,53600,60300,66950,72350,77700,83050,88400
13287,Georgia,Turner,42700,48800,54900,60950,65850,70750,75600,80500
13289,Georgia,Twiggs,43250,49400,55600,61750,66700,71650,76600,81550
13291,Georgia,Union,48450,55350,62250,69150,74700,80250,85750,91300
13293,Georgia,Upson,42700,48800,54900,60950,65850,70750,75600,80500
13295,Georgia,Walker,53500,61150,68800,76400,82550,88650,94750,100850
13297,Georgia,Walton,63950,73100,82250,91350,98700,106000,113300,120600
13299,Georgia,Ware,42700,48800,54900,60950,65850,70750,75600,80500
13301,Georgia,Warren,42700,48800,54900,60950,65850,70750,75600,80500
13303,Georgia,Washington,42700,48800,54900,60950,65850,70750,75600,80500
13305,Georgia,Wayne,42700,48800,54900,60950,65850,70750,75600,80500
13307,Georgia,Webster,42700,48800,54900,60950,65850,70750,75600,80500
13309,Georgia,Wheeler,42700,48800,54900,60950,65850,70750,75600,80500
13311,Georgia,White,46100,52700,59300,65850,71150,76400,81700,86950
13313,Georgia,Whitfield,44750,51150,57550,63900,69050,74150,79250,84350
13315,Georgia,Wilcox,42700,48800,54900,60950,65850,70750,75600,80500
13317,Georgia,Wilkes,42700,48800,54900,60950,65850,70750,75600,80500
13319,Georgia,Wilkinson,42700,48800,54900,60950,65850,70750,75600,80500
13321,Georgia,Worth,42700,48800,54900,60950,65850,70750,75600,80500
21001,Kentucky,Adair,39700,45400,51050,56700,61250,65800,70350,74850
21003,Kentucky,Allen,43900,50200,56450,62700,67750,72750,77750,82800
21005,Kentucky,Anderson,52000,59400,66850,74250,80200,86150,92100,98050
21007,Kentucky,Ballard,45050,51500,57950,64350,69500,74650,79800,84950
21009,Kentucky,Barren,39700,45400,51050,56700,61250,65800,70350,74850
21011,Kentucky,Bath,40150,45850,51600,57300,61900,66500,71100,75650
21013,Kentucky,Bell,39700,45400,51050,56700,61250,65800,70350,74850
21015,Kentucky,Boone,62650,71600,80550,89450,96650,103800,110950,118100
21017,Kentucky,Bourbon,57350,65550,73750,81900,88500,95050,101600,108150
21019,Kentucky,Boyd,43600,49800,56050,62250,67250,72250,77200,82200
21021,Kentucky,Boyle,45300,51750,58200,64650,69850,75000,80200,85350
21023,Kentucky,Bracken,62650,71600,80550,89450,96650,103800,110950,118100
21025,Kentucky,Breathitt,39700,45400,51050,56700,61250,65800,70350,74850
21027,Kentucky,Breckinridge,42850,49000,55100,61200,66100,71000,75900,80800
21029,Kentucky,Bullitt,54150,61850,69600,77300,83500,89700,95900,102050
21031,Kentucky,Butler,40600,46400,52200,58000,62650,67300,71950,76600
21033,Kentucky,Caldwell,40900,46750,52600,58400,63100,67750,72450,77100
21035,Kentucky,Calloway,46200,52800,59400,66000,71300,76600,81850,87150
21037,Kentucky,Campbell,62650,71600,80550,89450,96650,103800,110950,118100
21039,Kentucky,Carlisle,42950,49100,55250,61350,66300,71200,76100,81000
21041,Kentucky,Carroll,40150,45850,51600,57300,61900,66500,71100,75650
21043,Kentucky,Carter,39700,45400,51050,56700,61250,65800,70350,74850
21045,Kentucky,Casey,39700,45400,51050,56700,61250,65800,70350,74850
21047,Kentucky,Christian,49100,56100,63100,70100,75750,81350,86950,92550
21049,Kentucky,Clark,57350,65550,73750,81900,88500,95050,101600,108150
21051,Kentucky,Clay,39700,45400,51050,56700,61250,65800,70350,74850
21053,Kentucky,Clinton,39700,45400,51050,56700,61250,65800,70350,74850
21055,Kentucky,Crittenden,46100,52700,59300,65850,71150,76400,81700,86950
21057,Kentucky,Cumberland,39700,45400,51050,56700,61250,65800,70350,74850
21059,Kentucky,Daviess,48300,55200,62100,68950,74500,80000,85500,91050
21061,Kentucky,Edmonson,46450,53050,59700,66300,71650,76950,82250,87550
21063,Kentucky,Elliott,39700,45400,51050,56700,61250,65800,70350,74850
21065,Kentucky,Estill,39700,45400,51050,56700,61250,65800,70350,74850
21067,Kentucky,Fayette,57350,65550,73750,81900,88500,95050,101600,108150
21069,Kentucky,Fleming,39700,45400,51050,56700,61250,65800,70350,74850
21071,Kentucky,Floyd,39700,45400,51050,56700,61250,65800,70350,74850
21073,Kentucky,Franklin,51550,58900,66250,73600,79500,85400,91300,97200
21075,Kentucky,Fulton,39700,45400,51050,56700,61250,65800,70350,74850
21077,Kentucky,Gallatin,62650,71600,80550,89450,96650,103800,110950,118100
21079,Kentucky,Garrard,42700,48800,54900,60950,65850,70750,75600,80500
21081,Kentucky,Grant,44600,50950,57300,63650,68750,73850,78950,84050
21083,Kentucky,Graves,39700,45400,51050,56700,61250,65800,70350,74850
21085,Kentucky,Grayson,39700,45400,51050,56700,61250,65800,70350,74850
21087,Kentucky,Green,39700,45400,51050,56700,61250,65800,70350,74850
21089,Kentucky,Greenup,43600,49800,56050,62250,67250,72250,77200,82200
21091,Kentucky,Hancock,47700,54500,61300,68100,73550,79000,84450,89900
21093,Kentucky,Hardin,44950,51350,57750,64150,69300,74450,79550,84700
21095,Kentucky,Harlan,39700,45400,51050,56700,61250,65800,70350,74850
21097,Kentucky,Harrison,47450,54200,61000,67750,73200,78600,84050,89450
21099,Kentucky,Hart,39700,45400,51050,56700,61250,65800,70350,74850
21101,Kentucky,Henderson,45300,51800,58250,64700,69900,75100,80250,85450
21103,Kentucky,Henry,54150,61850,69600,77300,83500,89700,95900,102050
21105,Kentucky,Hickman,44600,50950,57300,63650,68750,73850,78950,84050
21107,Kentucky,Hopkins,42100,48100,54100,60100,64950,69750,74550,79350
21109,Kentucky,Jackson,39700,45400,51050,56700,61250,65800,70350,74850
21111,Kentucky,Jefferson,54150,61850,69600,77300,83500,89700,95900,102050
21113,Kentucky,Jessamine,57350,65550,73750,81900,88500,95050,101600,108150
21115,Kentucky,Johnson,39700,45400,51050,56700,61250,65800,70350,74850
21117,Kentucky,Kenton,62650,71600,80550,89450,96650,103800,110950,118100
21119,Kentucky,Knott,39700,45400,51050,56700,61250,65800,70350,74850
21121,Kentucky,Knox,39700,45400,51050,56700,61250,65800,70350,74850
21123,Kentucky,Larue,44950,51350,57750,64150,69300,74450,79550,84700
21125,Kentucky,Laurel,40450,46200,52000,57750,62400,67000,71650,76250
21127,Kentucky,Lawrence,39700,45400,51050,56700,61250,65800,70350,74850
21129,Kentucky,Lee,39700,45400,51050,56700,61250,65800,70350,74850
21131,Kentucky,Leslie,39700,45400,51050,56700,61250,65800,70350,74850
21133,Kentucky,Letcher,39700,45400,51050,56700,61250,65800,70350,74850
21135,Kentucky,Lewis,39700,45400,51050,56700,61250,65800,70350,74850
21137,Kentucky,Lincoln,39700,45400,51050,56700,61250,65800,70350,74850
21139,Kentucky,Livingston,43850,50100,56350,62600,67650,72650,77650,82650
21141,Kentucky,Logan,45300,51750,58200,64650,69850,75000,80200,85350
21143,Kentucky,Lyon,50050,57200,64350,71450,77200,82900,88600,94350
21145,Kentucky,McCracken,50550,57750,64950,72150,77950,83700,89500,95250
21147,Kentucky,McCreary,39700,45400,51050,56700,61250,65800,70350,74850
21149,Kentucky,McLean,48300,55200,62100,68950,74500,80000,85500,91050
21151,Kentucky,Madison,49500,56600,63650,70700,76400,82050,87700,93350
21153,Kentucky,Magoffin,39700,45400,51050,56700,61250,65800,70350,74850
21155,Kentucky,Marion,41400,47300,53200,59100,63850,68600,73300,78050
21157,Kentucky,Marshall,47150,53900,60650,67350,72750,78150,83550,88950
21159,Kentucky,Martin,39700,45400,51050,56700,61250,65800,70350,74850
21161,Kentucky,Mason,40150,45850,51600,57300,61900,66500,71100,75650
21163,Kentucky,Meade,48650,55600,62550,69450,75050,80600,86150,91700
21165,Kentucky,Menifee,39700,45400,51050,56700,61250,65800,70350,74850
21167,Kentucky,Mercer,50900,58200,65450,72700,78550,84350,90150,96000
21169,Kentucky,Metcalfe,39700,45400,51050,56700,61250,65800,70350,74850
21171,Kentucky,Monroe,39700,45400,51050,56700,61250,65800,70350,74850
21173,Kentucky,Montgomery,43800,50050,56300,62550,67600,72600,77600,82600
21175,Kentucky,Morgan,39700,45400,51050,56700,61250,65800,70350,74850
21177,Kentucky,Muhlenberg,42500,48550,54600,60650,65550,70400,75250,80100
21179,Kentucky,Nelson,49000,56000,63000,70000,75600,81200,86800,92400
21181,Kentucky,Nicholas,41250,47150,53050,58900,63650,68350,73050,77750
21183,Kentucky,Ohio,39700,45400,51050,56700,61250,65800,70350,74850
21185,Kentucky,Oldham,54150,61850,69600,77300,83500,89700,95900,102050
21187,Kentucky,Owen,44050,50350,56650,62900,67950,73000,78000,83050
21189,Kentucky,Owsley,39700,45400,51050,56700,61250,65800,70350,74850
21191,Kentucky,Pendleton,62650,71600,80550,89450,96650,103800,110950,118100
21193,Kentucky,Perry,39700,45400,51050,56700,61250,65800,70350,74850
21195,Kentucky,Pike,39700,45400,51050,56700,61250,65800,70350,74850
21197,Kentucky,Powell,43050,49200,55350,61450,66400,71300,76200,81150
21199,Kentucky,Pulaski,40150,45850,51600,57300,61900,66500,71100,75650
21201,Kentucky,Robertson,39700,45400,51050,56700,61250,65800,70350,74850
21203,Kentucky,Rockcastle,39700,45400,51050,56700,61250,65800,70350,74850
21205,Kentucky,Rowan,42950,49050,55200,61300,66250,71150,76050,80950
21207,Kentucky,Russell,40500,46300,52100,57850,62500,67150,71750,76400
21209,Kentucky,Scott,57350,65550,73750,81900,88500,95050,101600,108150
21211,Kentucky,Shelby,59300,67750,76200,84650,91450,98200,105000,111750
21213,Kentucky,Simpson,43500,49700,55900,62100,67100,72050,77050,82000
21215,Kentucky,Spencer,54150,61850,69600,77300,83500,89700,95900,102050
21217,Kentucky,Taylor,43200,49350,55500,61650,66600,71550,76450,81400
21219,Kentucky,Todd,43050,49200,55350,61500,66450,71350,76300,81200
21221,Kentucky,Trigg,49100,56100,63100,70100,75750,81350,86950,92550
21223,Kentucky,Trimble,46300,52900,59500,66100,71400,76700,82000,87300
21225,Kentucky,Union,42850,49000,55100,61200,66100,71000,75900,80800
21227,Kentucky,Warren,46450,53050,59700,66300,71650,76950,82250,87550
21229,Kentucky,Washington,49850,57000,64100,71200,76900,82600,88300,94000
21231,Kentucky,Wayne,39700,45400,51050,56700,61250,65800,70350,74850
21233,Kentucky,Webster,40250,46000,51750,57450,62050,66650,71250,75850
21235,Kentucky,Whitley,39700,45400,51050,56700,61250,65800,70350,74850
21237,Kentucky,Wolfe,39700,45400,51050,56700,61250,65800,70350,74850
21239,Kentucky,Woodford,57350,65550,73750,81900,88500,95050,101600,108150
24001,Maryland,Allegany,52000,59400,66850,74250,80200,86150,92100,98050
24003,Maryland,AnneArundel,72950,83400,93800,104200,112550,120900,129250,137550
24005,Maryland,Baltimore,72950,83400,93800,104200,112550,120900,129250,137550
24009,Maryland,Calvert,74800,85450,96150,106800,115350,123900,132450,141000
24011,Maryland,Caroline,52000,59400,66850,74250,80200,86150,92100,98050
24013,Maryland,Carroll,72950,83400,93800,104200,112550,120900,129250,137550
24015,Maryland,Cecil,66850,76400,85950,95500,103150,110800,118450,126100
24017,Maryland,Charles,74800,85450,96150,106800,115350,123900,132450,141000
24019,Maryland,Dorchester,52000,59400,66850,74250,80200,86150,92100,98050
24021,Maryland,Frederick,74800,85450,96150,106800,115350,123900,132450,141000
24023,Maryland,Garrett,52500,60000,67500,74950,80950,86950,92950,98950
24025,Maryland,Harford,72950,83400,93800,104200,112550,120900,129250,137550
24027,Maryland,Howard,72950,83400,93800,104200,112550,120900,129250,137550
24029,Maryland,Kent,62450,71400,80300,89200,96350,103500,110650,117750
24031,Maryland,Montgomery,74800,85450,96150,106800,115350,123900,132450,141000
24033,Maryland,PrinceGeorge's,74800,85450,96150,106800,115350,123900,132450,141000
24035,Maryland,QueenAnne's,72950,83400,93800,104200,112550,120900,129250,137550
24037,Maryland,St.Mary's,72150,82450,92750,103050,111300,119550,127800,136050
24039,Maryland,Somerset,52000,59400,66850,74250,80200,86150,92100,98050
24041,Maryland,Talbot,64400,73600,82800,92000,99400,106750,114100,121450
24043,Maryland,Washington,52500,60000,67500,74950,80950,86950,92950,98950
24045,Maryland,Wicomico,52500,60000,67500,74950,80950,86950,92950,98950
24047,Maryland,Worcester,62200,71050,79950,88800,95950,103050,110150,117250
24510,Maryland,Baltimorecity,72950,83400,93800,104200,112550,120900,129250,137550
28001,Mississippi,Adams,38750,44250,49800,55300,59750,64150,68600,73000
28003,Mississippi,Alcorn,39250,44850,50450,56050,60550,65050,69550,74000
28005,Mississippi,Amite,38750,44250,49800,55300,59750,64150,68600,73000
28007,Mississippi,Attala,38750,44250,49800,55300,59750,64150,68600,73000
28009,Mississippi,Benton,38750,44250,49800,55300,59750,64150,68600,73000
28011,Mississippi,Bolivar,38750,44250,49800,55300,59750,64150,68600,73000
28013,Mississippi,Calhoun,38750,44250,49800,55300,59750,64150,68600,73000
28015,Mississippi,Carroll,43050,49200,55350,61450,66400,71300,76200,81150
28017,Mississippi,Chickasaw,38750,44250,49800,55300,59750,64150,68600,73000
28019,Mississippi,Choctaw,38750,44250,49800,55300,59750,64150,68600,73000
28021,Mississippi,Claiborne,38750,44250,49800,55300,59750,64150,68600,73000
28023,Mississippi,Clarke,38750,44250,49800,55300,59750,64150,68600,73000
28025,Mississippi,Clay,38750,44250,49800,55300,59750,64150,68600,73000
28027,Mississippi,Coahoma,38750,44250,49800,55300,59750,64150,68600,73000
28029,Mississippi,Copiah,49950,57050,64200,71300,77050,82750,88450,94150
28031,Mississippi,Covington,38750,44250,49800,55300,59750,64150,68600,73000
28033,Mississippi,DeSoto,51050,58350,65650,72900,78750,84600,90400,96250
28035,Mississippi,Forrest,44700,51100,57500,63850,69000,74100,79200,84300
28037,Mississippi,Franklin,38750,44250,49800,55300,59750,64150,68600,73000
28039,Mississippi,George,40850,46650,52500,58300,63000,67650,72300,77000
28041,Mississippi,Greene,41350,47250,53150,59050,63800,68500,73250,77950
28043,Mississippi,Grenada,38750,44250,49800,55300,59750,64150,68600,73000
28045,Mississippi,Hancock,45150,51600,58050,64500,69700,74850,80000,85150
28047,Mississippi,Harrison,45150,51600,58050,64500,69700,74850,80000,85150
28049,Mississippi,Hinds,49950,57050,64200,71300,77050,82750,88450,94150
28051,Mississippi,Holmes,38750,44250,49800,55300,59750,64150,68600,73000
28053,Mississippi,Humphreys,38750,44250,49800,55300,59750,64150,68600,73000
28055,Mississippi,Issaquena,39450,45050,50700,56300,60850,65350,69850,74350
28057,Mississippi,Itawamba,42000,48000,54000,60000,64800,69600,74400,79200
28059,Mississippi,Jackson,48650,55600,62550,69450,75050,80600,86150,91700
28061,Mississippi,Jasper,38750,44250,49800,55300,59750,64150,68600,73000
28063,Mississippi,Jefferson,38750,44250,49800,55300,59750,64150,68600,73000
28065,Mississippi,JeffersonDavis,38750,44250,49800,55300,59750,64150,68600,73000
28067,Mississippi,Jones,41800,47800,53750,59700,64500,69300,74050,78850
28069,Mississippi,Kemper,38750,44250,49800,55300,59750,64150,68600,73000
28071,Mississippi,Lafayette,51200,58500,65800,73100,78950,84800,90650,96500
28073,Mississippi,Lamar,44700,51100,57500,63850,69000,74100,79200,84300
28075,Mississippi,Lauderdale,41800,47800,53750,59700,64500,69300,74050,78850
28077,Mississippi,Lawrence,38750,44250,49800,55300,59750,64150,68600,73000
28079,Mississippi,Leake,38750,44250,49800,55300,59750,64150,68600,73000
28081,Mississippi,Lee,46200,52800,59400,66000,71300,76600,81850,87150
28083,Mississippi,Leflore,38750,44250,49800,55300,59750,64150,68600,73000
28085,Mississippi,Lincoln,41800,47800,53750,59700,64500,69300,74050,78850
28087,Mississippi,Lowndes,44650,51000,57400,63750,68850,73950,79050,84150
28089,Mississippi,Madison,49950,57050,64200,71300,77050,82750,88450,94150
28091,Mississippi,Marion,38750,44250,49800,55300,59750,64150,68600,73000
28093,Mississippi,Marshall,38750,44250,49800,55300,59750,64150,68600,73000
28095,Mississippi,Monroe,40700,46500,52300,58100,62750,67400,72050,76700
28097,Mississippi,Montgomery,38750,44250,49800,55300,59750,64150,68600,73000
28099,Mississippi,Neshoba,38750,44250,49800,55300,59750,64150,68600,73000
28101,Mississippi,Newton,39400,45000,50650,56250,60750,65250,69750,74250
28103,Mississippi,Noxubee,38750,44250,49800,55300,59750,64150,68600,73000
28105,Mississippi,Oktibbeha,45850,52400,58950,65450,70700,75950,81200,86400
28107,Mississippi,Panola,38750,44250,49800,55300,59750,64150,68600,73000
28109,Mississippi,PearlRiver,43900,50150,56400,62650,67700,72700,77700,82700
28111,Mississippi,Perry,44700,51100,57500,63850,69000,74100,79200,84300
28113,Mississippi,Pike,38750,44250,49800,55300,59750,64150,68600,73000
28115,Mississippi,Pontotoc,42250,48250,54300,60300,65150,69950,74800,79600
28117,Mississippi,Prentiss,39600,45250,50900,56550,61100,65600,70150,74650
28119,Mississippi,Quitman,38750,44250,49800,55300,59750,64150,68600,73000
28121,Mississippi,Rankin,49950,57050,64200,71300,77050,82750,88450,94150
28123,Mississippi,Scott,38750,44250,49800,55300,59750,64150,68600,73000
28125,Mississippi,Sharkey,38750,44250,49800,55300,59750,64150,68600,73000
28127,Mississippi,Simpson,39400,45000,50650,56250,60750,65250,69750,74250
28129,Mississippi,Smith,41550,47450,53400,59300,64050,68800,73550,78300
28131,Mississippi,Stone,42500,48600,54650,60700,65600,70450,75300,80150
28133,Mississippi,Sunflower,38750,44250,49800,55300,59750,64150,68600,73000
28135,Mississippi,Tallahatchie,38750,44250,49800,55300,59750,64150,68600,73000
28137,Mississippi,Tate,43350,49550,55750,61900,66900,71850,76800,81750
28139,Mississippi,Tippah,38750,44250,49800,55300,59750,64150,68600,73000
28141,Mississippi,Tishomingo,41800,47800,53750,59700,64500,69300,74050,78850
28143,Mississippi,Tunica,40250,46000,51750,57500,62100,66700,71300,75900
28145,Mississippi,Union,42750,48850,54950,61050,65950,70850,75750,80600
28147,Mississippi,Walthall,38950,44500,50050,55600,60050,64500,68950,73400
28149,Mississippi,Warren,44600,50950,57300,63650,68750,73850,78950,84050
28151,Mississippi,Washington,38750,44250,49800,55300,59750,64150,68600,73000
28153,Mississippi,Wayne,38750,44250,49800,55300,59750,64150,68600,73000
28155,Mississippi,Webster,44000,50250,56550,62800,67850,72850,77900,82900
28157,Mississippi,Wilkinson,38750,44250,49800,55300,59750,64150,68600,73000
28159,Mississippi,Winston,38750,44250,49800,55300,59750,64150,68600,73000
28161,Mississippi,Yalobusha,38750,44250,49800,55300,59750,64150,68600,73000
28163,Mississippi,Yazoo,38750,44250,49800,55300,59750,64150,68600,73000
36001,New York,Albany,65050,74350,83650,92900,100350,107800,115200,122650
36003,New York,Allegany,49600,56650,63750,70800,76500,82150,87800,93500
36005,New York,Bronx,90750,103700,116650,129600,140000,150350,160750,171100
36007,New York,Broome,52950,60500,68050,75600,81650,87700,93750,99800
36009,New York,Cattaraugus,49600,56650,63750,70800,76500,82150,87800,93500
36011,New York,Cayuga,49600,56650,63750,70800,76500,82150,87800,93500
36013,New York,Chautauqua,49600,56650,63750,70800,76500,82150,87800,93500
36015,New York,Chemung,49600,56650,63750,70800,76500,82150,87800,93500
36017,New York,Chenango,49600,56650,63750,70800,76500,82150,87800,93500
36019,New York,Clinton,52850,60400,67950,75450,81500,87550,93600,99600
36021,New York,Columbia,63150,72150,81150,90150,97400,104600,111800,119000
36023,New York,Cortland,51650,59000,66400,73750,79650,85550,91450,97350
36025,New York,Delaware,49600,56650,63750,70800,76500,82150,87800,93500
36027,New York,Dutchess,68900,78750,88600,98400,106300,114150,122050,129900
36029,New York,Erie,56600,64650,72750,80800,87300,93750,100200,106700
36031,New York,Essex,51450,58800,66150,73500,79400,85300,91150,97050
36033,New York,Franklin,49600,56650,63750,70800,76500,82150,87800,93500
36035,New York,Fulton,49600,56650,63750,70800,76500,82150,87800,93500
36037,New York,Genesee,54250,62000,69750,77500,83700,89900,96100,102300
36039,New York,Greene,56200,64200,72250,80250,86700,93100,99550,105950
36041,New York,Hamilton,52850,60400,67950,75450,81500,87550,93600,99600
36043,New York,Herkimer,49850,57000,64100,71200,76900,82600,88300,94000
36045,New York,Jefferson,49600,56650,63750,70800,76500,82150,87800,93500
36047,New York,Kings,90750,103700,116650,129600,140000,150350,160750,171100
36049,New York,Lewis,49600,56650,63750,70800,76500,82150,87800,93500
36051,New York,Livingston,58200,66500,74800,83100,89750,96400,103050,109700
36053,New York,Madison,58000,66250,74550,82800,89450,96050,102700,109300
36055,New York,Monroe,58200,66500,74800,83100,89750,96400,103050,109700
36057,New York,Montgomery,51100,58400,65700,72950,78800,84650,90500,96300
36059,New York,Nassau,84400,96450,108500,120550,130200,139850,149500,159150
36061,New York,NewYork,90750,103700,116650,129600,140000,150350,160750,171100
36063,New York,Niagara,56600,64650,72750,80800,87300,93750,100200,106700
36065,New York,Oneida,49850,57000,64100,71200,76900,82600,88300,94000
36067,New York,Onondaga,58000,66250,74550,82800,89450,96050,102700,109300
36069,New York,Ontario,58200,66500,74800,83100,89750,96400,103050,109700
36071,New York,Orange,68900,78750,88600,98400,106300,114150,122050,129900
36073,New York,Orleans,58200,66500,74800,83100,89750,96400,103050,109700
36075,New York,Oswego,58000,66250,74550,82800,89450,96050,102700,109300
36077,New York,Otsego,51100,58400,65700,72950,78800,84650,90500,96300
36079,New York,Putnam,90750,103700,116650,129600,140000,150350,160750,171100
36081,New York,Queens,90750,103700,116650,129600,140000,150350,160750,171100
36083,New York,Rensselaer,65050,74350,83650,92900,100350,107800,115200,122650
36085,New York,Richmond,90750,103700,116650,129600,140000,150350,160750,171100
36087,New York,Rockland,90750,103700,116650,129600,140000,150350,160750,171100
36089,New York,St.Lawrence,49950,57050,64200,71300,77050,82750,88450,94150
36091,New York,Saratoga,65050,74350,83650,92900,100350,107800,115200,122650
36093,New York,Schenectady,65050,74350,83650,92900,100350,107800,115200,122650
36095,New York,Schoharie,65050,74350,83650,92900,100350,107800,115200,122650
36097,New York,Schuyler,51350,58700,66050,73350,79250,85100,91000,96850
36099,New York,Seneca,52600,60100,67600,75100,81150,87150,93150,99150
36101,New York,Steuben,51150,58450,65750,73050,78900,84750,90600,96450
36103,New York,Suffolk,84400,96450,108500,120550,130200,139850,149500,159150
36105,New York,Sullivan,54600,62400,70200,77950,84200,90450,96700,102900
36107,New York,Tioga,52950,60500,68050,75600,81650,87700,93750,99800
36109,New York,Tompkins,67400,77000,86650,96250,103950,111650,119350,127050
36111,New York,Ulster,67100,76700,86300,95850,103550,111200,118900,126550
36113,New York,Warren,56000,64000,72000,80000,86400,92800,99200,105600
36115,New York,Washington,56000,64000,72000,80000,86400,92800,99200,105600
36117,New York,Wayne,58200,66500,74800,83100,89750,96400,103050,109700
36119,New York,Westchester,80150,91600,103050,114450,123650,132800,141950,151100
36121,New York,Wyoming,51450,58800,66150,73450,79350,85250,91100,97000
36123,New York,Yates,49750,56850,63950,71050,76750,82450,88150,93800
37001,North Carolina,Alamance,47600,54400,61200,68000,73450,78900,84350,89800
37003,North Carolina,Alexander,43500,49700,55900,62100,67100,72050,77050,82000
37005,North Carolina,Alleghany,42800,48900,55000,61100,66000,70900,75800,80700
37007,North Carolina,Anson,42800,48900,55000,61100,66000,70900,75800,80700
37009,North Carolina,Ashe,42800,48900,55000,61100,66000,70900,75800,80700
37011,North Carolina,Avery,46100,52700,59300,65850,71150,76400,81700,86950
37013,North Carolina,Beaufort,43800,50050,56300,62550,67600,72600,77600,82600
37015,North Carolina,Bertie,42800,48900,55000,61100,66000,70900,75800,80700
37017,North Carolina,Bladen,42800,48900,55000,61100,66000,70900,75800,80700
37019,North Carolina,Brunswick,53200,60800,68400,76000,82100,88200,94250,100350
37021,North Carolina,Buncombe,52150,59600,67050,74500,80500,86450,92400,98350
37023,North Carolina,Burke,43500,49700,55900,62100,67100,72050,77050,82000
37025,North Carolina,Cabarrus,62850,71800,80800,89750,96950,104150,111300,118500
37027,North Carolina,Caldwell,43500,49700,55900,62100,67100,72050,77050,82000
37029,North Carolina,Camden,57250,65400,73600,81750,88300,94850,101400,107950
37031,North Carolina,Carteret,54150,61900,69650,77350,83550,89750,95950,102150
37033,North Carolina,Caswell,44000,50250,56550,62800,67850,72850,77900,82900
37035,North Carolina,Catawba,43500,49700,55900,62100,67100,72050,77050,82000
37037,North Carolina,Chatham,64750,74000,83250,92500,99900,107300,114700,122100
37039,North Carolina,Cherokee,42800,48900,55000,61100,66000,70900,75800,80700
37041,North Carolina,Chowan,42800,48900,55000,61100,66000,70900,75800,80700
37043,North Carolina,Clay,46550,53200,59850,66450,71800,77100,82400,87750
37045,North Carolina,Cleveland,42950,49050,55200,61300,66250,71150,76050,80950
37047,North Carolina,Columbus,42800,48900,55000,61100,66000,70900,75800,80700
37049,North Carolina,Craven,49500,56550,63600,70650,76350,82000,87650,93300
37051,North Carolina,Cumberland,44250,50600,56900,63200,68300,73350,78400,83450
37053,North Carolina,Currituck,59650,68200,76700,85200,92050,98850,105650,112500
37055,North Carolina,Dare,56150,64150,72150,80150,86600,93000,99400,105800
37057,North Carolina,Davidson,45000,51400,57850,64250,69400,74550,79700,84850
37059,North Carolina,Davie,48550,55500,62450,69350,74900,80450,86000,91550
37061,North Carolina,Duplin,42800,48900,55000,61100,66000,70900,75800,80700
37063,North Carolina,Durham,64750,74000,83250,92500,99900,107300,114700,122100
37065,North Carolina,Edgecombe,44350,50650,57000,63300,68400,73450,78500,83600
37067,North Carolina,Forsyth,48550,55500,62450,69350,74900,80450,86000,91550
37069,North Carolina,Franklin,72950,83400,93800,104200,112550,120900,129250,137550
37071,North Carolina,Gaston,62850,71800,80800,89750,96950,104150,111300,118500
37073,North Carolina,Gates,45150,51600,58050,64500,69700,74850,80000,85150
37075,North Carolina,Graham,42800,48900,55000,61100,66000,70900,75800,80700
37077,North Carolina,Granville,51050,58350,65650,72900,78750,84600,90400,96250
37079,North Carolina,Greene,42800,48900,55000,61100,66000,70900,75800,80700
37081,North Carolina,Guilford,47950,54800,61650,68500,74000,79500,84950,90450
37083,North Carolina,Halifax,42800,48900,55000,61100,66000,70900,75800,80700
37085,North Carolina,Harnett,50050,57200,64350,71500,77250,82950,88700,94400
37087,North Carolina,Haywood,49600,56650,63750,70800,76500,82150,87800,93500
37089,North Carolina,Henderson,52150,59600,67050,74500,80500,86450,92400,98350
37091,North Carolina,Hertford,42800,48900,55000,61100,66000,70900,75800,80700
37093,North Carolina,Hoke,44200,50500,56800,63100,68150,73200,78250,83300
37095,North Carolina,Hyde,42800,48900,55000,61100,66000,70900,75800,80700
37097,North Carolina,Iredell,55450,63350,71250,79150,85500,91850,98150,104500
37099,North Carolina,Jackson,45300,51750,58200,64650,69850,75000,80200,85350
37101,North Carolina,Johnston,72950,83400,93800,104200,112550,120900,129250,137550
37103,North Carolina,Jones,42800,48900,55000,61100,66000,70900,75800,80700
37105,North Carolina,Lee,42800,48900,55000,61100,66000,70900,75800,80700
37107,North Carolina,Lenoir,42800,48900,55000,61100,66000,70900,75800,80700
37109,North Carolina,Lincoln,54700,62500,70300,78100,84350,90600,96850,103100
37111,North Carolina,McDowell,42800,48900,55000,61100,66000,70900,75800,80700
37113,North Carolina,Macon,43150,49300,55450,61600,66550,71500,76400,81350
37115,North Carolina,Madison,52150,59600,67050,74500,80500,86450,92400,98350
37117,North Carolina,Martin,42800,48900,55000,61100,66000,70900,75800,80700
37119,North Carolina,Mecklenburg,62850,71800,80800,89750,96950,104150,111300,118500
37121,North Carolina,Mitchell,43750,50000,56250,62500,67500,72500,77500,82500
37123,North Carolina,Montgomery,42800,48900,55000,61100,66000,70900,75800,80700
37125,North Carolina,Moore,60850,69550,78250,86900,93900,100850,107800,114750
37127,North Carolina,Nash,44350,50650,57000,63300,68400,73450,78500,83600
37129,North Carolina,NewHanover,60700,69350,78000,86650,93600,100550,107450,114400
37131,North Carolina,Northampton,42800,48900,55000,61100,66000,70900,75800,80700
37133,North Carolina,Onslow,45300,51750,58200,64650,69850,75000,80200,85350
37135,North Carolina,Orange,64750,74000,83250,92500,99900,107300,114700,122100
37137,North Carolina,Pamlico,48300,55200,62100,68950,74500,80000,85500,91050
37139,North Carolina,Pasquotank,47600,54400,61200,68000,73450,78900,84350,89800
37141,North Carolina,Pender,55800,63800,71750,79700,86100,92500,98850,105250
37143,North Carolina,Perquimans,46550,53200,59850,66450,71800,77100,82400,87750
37145,North Carolina,Person,47800,54600,61450,68250,73750,79200,84650,90100
37147,North Carolina,Pitt,46000,52600,59150,65700,71000,76250,81500,86750
37149,North Carolina,Polk,47550,54350,61150,67900,73350,78800,84200,89650
37151,North Carolina,Randolph,47950,54800,61650,68500,74000,79500,84950,90450
37153,North Carolina,Richmond,42800,48900,55000,61100,66000,70900,75800,80700
37155,North Carolina,Robeson,42800,48900,55000,61100,66000,70900,75800,80700
37157,North Carolina,Rockingham,44800,51200,57600,64000,69150,74250,79400,84500
37159,North Carolina,Rowan,49150,56150,63150,70150,75800,81400,87000,92600
37161,North Carolina,Rutherford,42800,48900,55000,61100,66000,70900,75800,80700
37163,North Carolina,Sampson,42800,48900,55000,61100,66000,70900,75800,80700
37165,North Carolina,Scotland,42800,48900,55000,61100,66000,70900,75800,80700
37167,North Carolina,Stanly,49500,56550,63600,70650,76350,82000,87650,93300
37169,North Carolina,Stokes,48550,55500,62450,69350,74900,80450,86000,91550
37171,North Carolina,Surry,42800,48900,55000,61100,66000,70900,75800,80700
37173,North Carolina,Swain,46050,52600,59200,65750,71050,76300,81550,86800
37175,North Carolina,Transylvania,47100,53800,60550,67250,72650,78050,83400,88800
37177,North Carolina,Tyrrell,42800,48900,55000,61100,66000,70900,75800,80700
37179,North Carolina,Union,62850,71800,80800,89750,96950,104150,111300,118500
37181,North Carolina,Vance,42800,48900,55000,61100,66000,70900,75800,80700
37183,North Carolina,Wake,72950,83400,93800,104200,112550,120900,129250,137550
37185,North Carolina,Warren,42800,48900,55000,61100,66000,70900,75800,80700
37187,North Carolina,Washington,42800,48900,55000,61100,66000,70900,75800,80700
37189,North Carolina,Watauga,52850,60400,67950,75450,81500,87550,93600,99600
37191,North Carolina,Wayne,42800,48900,55000,61100,66000,70900,75800,80700
37193,North Carolina,Wilkes,42800,48900,55000,61100,66000,70900,75800,80700
37195,North Carolina,Wilson,44450,50800,57150,63450,68550,73650,78700,83800
37197,North Carolina,Yadkin,48550,55500,62450,69350,74900,80450,86000,91550
37199,North Carolina,Yancey,45000,51400,57850,64250,69400,74550,79700,84850
39001,Ohio,Adams,47750,54550,61350,68150,73650,79100,84550,90000
39003,Ohio,Allen,51800,59200,66600,74000,79950,85850,91800,97700
39005,Ohio,Ashland,49600,56650,63750,70800,76500,82150,87800,93500
39007,Ohio,Ashtabula,47750,54550,61350,68150,73650,79100,84550,90000
39009,Ohio,Athens,50050,57200,64350,71500,77250,82950,88700,94400
39011,Ohio,Auglaize,57300,65500,73700,81850,88400,94950,101500,108050
39013,Ohio,Belmont,46000,52600,59150,65700,71000,76250,81500,86750
39015,Ohio,Brown,49600,56650,63750,70800,76500,82150,87800,93500
39017,Ohio,Butler,62650,71600,80550,89450,96650,103800,110950,118100
39019,Ohio,Carroll,48450,55400,62300,69200,74750,80300,85850,91350
39021,Ohio,Champaign,52450,59950,67450,74900,80900,86900,92900,98900
39023,Ohio,Clark,48450,55400,62300,69200,74750,80300,85850,91350
39025,Ohio,Clermont,62650,71600,80550,89450,96650,103800,110950,118100
39027,Ohio,Clinton,50300,57500,64700,71850,77600,83350,89100,94850
39029,Ohio,Columbiana,47750,54550,61350,68150,73650,79100,84550,90000
39031,Ohio,Coshocton,47750,54550,61350,68150,73650,79100,84550,90000
39033,Ohio,Crawford,47750,54550,61350,68150,73650,79100,84550,90000
39035,Ohio,Cuyahoga,55650,63600,71550,79500,85900,92250,98600,104950
39037,Ohio,Darke,49250,56250,63300,70300,75950,81550,87200,92800
39039,Ohio,Defiance,52850,60400,67950,75450,81500,87550,93600,99600
39041,Ohio,Delaware,61050,69800,78500,87200,94200,101200,108150,115150
39043,Ohio,Erie,53500,61150,68800,76400,82550,88650,94750,100850
39045,Ohio,Fairfield,61050,69800,78500,87200,94200,101200,108150,115150
39047,Ohio,Fayette,47750,54550,61350,68150,73650,79100,84550,90000
39049,Ohio,Franklin,61050,69800,78500,87200,94200,101200,108150,115150
39051,Ohio,Fulton,53100,60700,68300,75850,81950,88000,94100,100150
39053,Ohio,Gallia,47750,54550,61350,68150,73650,79100,84550,90000
39055,Ohio,Geauga,55650,63600,71550,79500,85900,92250,98600,104950
39057,Ohio,Greene,52550,60050,67550,75050,81100,87100,93100,99100
39059,Ohio,Guernsey,47750,54550,61350,68150,73650,79100,84550,90000
39061,Ohio,Hamilton,62650,71600,80550,89450,96650,103800,110950,118100
39063,Ohio,Hancock,52650,60200,67700,75200,81250,87250,93250,99300
39065,Ohio,Hardin,47750,54550,61350,68150,73650,79100,84550,90000
39067,Ohio,Harrison,47750,54550,61350,68150,73650,79100,84550,90000
39069,Ohio,Henry,54350,62100,69850,77600,83850,90050,96250,102450
39071,Ohio,Highland,47750,54550,61350,68150,73650,79100,84550,90000
39073,Ohio,Hocking,47750,54550,61350,68150,73650,79100,84550,90000
39075,Ohio,Holmes,54050,61800,69500,77200,83400,89600,95750,101950
39077,Ohio,Huron,48800,55800,62750,69700,75300,80900,86450,92050
39079,Ohio,Jackson,47750,54550,61350,68150,73650,79100,84550,90000
39081,Ohio,Jefferson,47750,54550,61350,68150,73650,79100,84550,90000
39083,Ohio,Knox,53000,60600,68150,75700,81800,87850,93900,99950
39085,Ohio,Lake,55650,63600,71550,79500,85900,92250,98600,104950
39087,Ohio,Lawrence,43600,49800,56050,62250,67250,72250,77200,82200
39089,Ohio,Licking,61050,69800,78500,87200,94200,101200,108150,115150
39091,Ohio,Logan,51450,58800,66150,73500,79400,85300,91150,97050
39093,Ohio,Lorain,55650,63600,71550,79500,85900,92250,98600,104950
39095,Ohio,Lucas,53100,60700,68300,75850,81950,88000,94100,100150
39097,Ohio,Madison,61050,69800,78500,87200,94200,101200,108150,115150
39099,Ohio,Mahoning,47750,54550,61350,68150,73650,79100,84550,90000
39101,Ohio,Marion,47750,54550,61350,68150,73650,79100,84550,90000
39103,Ohio,Medina,55650,63600,71550,79500,85900,92250,98600,104950
39105,Ohio,Meigs,47750,54550,61350,68150,73650,79100,84550,90000
39107,Ohio,Mercer,57300,65500,73700,81850,88400,94950,101500,108050
39109,Ohio,Miami,52550,60050,67550,75050,81100,87100,93100,99100
39111,Ohio,Monroe,47750,54550,61350,68150,73650,79100,84550,90000
39113,Ohio,Montgomery,52550,60050,67550,75050,81100,87100,93100,99100
39115,Ohio,Morgan,47750,54550,61350,68150,73650,79100,84550,90000
39117,Ohio,Morrow,61050,69800,78500,87200,94200,101200,108150,115150
39119,Ohio,Muskingum,47750,54550,61350,68150,73650,79100,84550,90000
39121,Ohio,Noble,47750,54550,61350,68150,73650,79100,84550,90000
39123,Ohio,Ottawa,58750,67150,75550,83900,90650,97350,104050,110750
39125,Ohio,Paulding,50700,57950,65200,72400,78200,84000,89800,95600
39127,Ohio,Perry,47750,54550,61350,68150,73650,79100,84550,90000
39129,Ohio,Pickaway,61050,69800,78500,87200,94200,101200,108150,115150
39131,Ohio,Pike,47750,54550,61350,68150,73650,79100,84550,90000
39133,Ohio,Portage,56200,64200,72250,80250,86700,93100,99550,105950
39135,Ohio,Preble,51100,58400,65700,72950,78800,84650,90500,96300
39137,Ohio,Putnam,60450,69050,77700,86300,93250,100150,107050,113950
39139,Ohio,Richland,47750,54550,61350,68150,73650,79100,84550,90000
39141,Ohio,Ross,47750,54550,61350,68150,73650,79100,84550,90000
39143,Ohio,Sandusky,49000,56000,63000,70000,75600,81200,86800,92400
39145,Ohio,Scioto,47750,54550,61350,68150,73650,79100,84550,90000
39147,Ohio,Seneca,47750,54550,61350,68150,73650,79100,84550,90000
39149,Ohio,Shelby,54150,61850,69600,77300,83500,89700,95900,102050
39151,Ohio,Stark,48450,55400,62300,69200,74750,80300,85850,91350
39153,Ohio,Summit,56200,64200,72250,80250,86700,93100,99550,105950
39155,Ohio,Trumbull,47750,54550,61350,68150,73650,79100,84550,90000
39157,Ohio,Tuscarawas,48900,55900,62900,69850,75450,81050,86650,92250
39159,Ohio,Union,71800,82050,92300,102550,110800,119000,127200,135400
39161,Ohio,VanWert,48550,55500,62450,69350,74900,80450,86000,91550
39163,Ohio,Vinton,47750,54550,61350,68150,73650,79100,84550,90000
39165,Ohio,Warren,62650,71600,80550,89450,96650,103800,110950,118100
39167,Ohio,Washington,47750,54550,61350,68150,73650,79100,84550,90000
39169,Ohio,Wayne,50150,57300,64450,71600,77350,83100,88800,94550
39171,Ohio,Williams,47750,54550,61350,68150,73650,79100,84550,90000
39173,Ohio,Wood,53100,60700,68300,75850,81950,88000,94100,100150
39175,Ohio,Wyandot,50800,58050,65300,72550,78400,84200,90000,95800
42001,Pennsylvania,Adams,57350,65550,73750,81900,88500,95050,101600,108150
42003,Pennsylvania,Allegheny,60100,68700,77300,85850,92750,99600,106500,113350
42005,Pennsylvania,Armstrong,46900,53600,60300,66950,72350,77700,83050,88400
42007,Pennsylvania,Beaver,60100,68700,77300,85850,92750,99600,106500,113350
42009,Pennsylvania,Bedford,47450,54200,61000,67750,73200,78600,84050,89450
42011,Pennsylvania,Berks,55900,63900,71900,79850,86250,92650,99050,105450
42013,Pennsylvania,Blair,46950,53650,60350,67050,72450,77800,83150,88550
42015,Pennsylvania,Bradford,48650,55600,62550,69500,75100,80650,86200,91750
42017,Pennsylvania,Bucks,66850,76400,85950,95500,103150,110800,118450,126100
42019,Pennsylvania,Butler,60100,68700,77300,85850,92750,99600,106500,113350
42021,Pennsylvania,Cambria,47250,54000,60750,67500,72900,78300,83700,89100
42023,Pennsylvania,Cameron,46900,53600,60300,66950,72350,77700,83050,88400
42025,Pennsylvania,Carbon,56150,64150,72150,80150,86600,93000,99400,105800
42027,Pennsylvania,Centre,60550,69200,77850,86500,93450,100350,107300,114200
42029,Pennsylvania,Chester,66850,76400,85950,95500,103150,110800,118450,126100
42031,Pennsylvania,Clarion,48100,54950,61800,68650,74150,79650,85150,90650
42033,Pennsylvania,Clearfield,47250,54000,60750,67500,72900,78300,83700,89100
42035,Pennsylvania,Clinton,46900,53600,60300,66950,72350,77700,83050,88400
42037,Pennsylvania,Columbia,47250,54000,60750,67450,72850,78250,83650,89050
42039,Pennsylvania,Crawford,46900,53600,60300,66950,72350,77700,83050,88400
42041,Pennsylvania,Cumberland,59050,67450,75900,84300,91050,97800,104550,111300
42043,Pennsylvania,Dauphin,59050,67450,75900,84300,91050,97800,104550,111300
42045,Pennsylvania,Delaware,66850,76400,85950,95500,103150,110800,118450,126100
42047,Pennsylvania,Elk,50350,57550,64750,71900,77700,83450,89200,94950
42049,Pennsylvania,Erie,47250,54000,60750,67500,72900,78300,83700,89100
42051,Pennsylvania,Fayette,60100,68700,77300,85850,92750,99600,106500,113350
42053,Pennsylvania,Forest,46900,53600,60300,66950,72350,77700,83050,88400
42055,Pennsylvania,Franklin,53500,61150,68800,76400,82550,88650,94750,100850
42057,Pennsylvania,Fulton,49600,56650,63750,70800,76500,82150,87800,93500
42059,Pennsylvania,Greene,52150,59600,67050,74500,80500,86450,92400,98350
42061,Pennsylvania,Huntingdon,49500,56600,63650,70700,76400,82050,87700,93350
42063,Pennsylvania,Indiana,46900,53600,60300,66950,72350,77700,83050,88400
42065,Pennsylvania,Jefferson,46900,53600,60300,66950,72350,77700,83050,88400
42067,Pennsylvania,Juniata,47700,54500,61300,68100,73550,79000,84450,89900
42069,Pennsylvania,Lackawanna,46900,53600,60300,66950,72350,77700,83050,88400
42071,Pennsylvania,Lancaster,58200,66500,74800,83100,89750,96400,103050,109700
42073,Pennsylvania,Lawrence,49800,56900,64000,71100,76800,82500,88200,93900
42075,Pennsylvania,Lebanon,52300,59750,67200,74650,80650,86600,92600,98550
42077,Pennsylvania,Lehigh,56150,64150,72150,80150,86600,93000,99400,105800
42079,Pennsylvania,Luzerne,46900,53600,60300,66950,72350,77700,83050,88400
42081,Pennsylvania,Lycoming,49200,56200,63250,70250,75900,81500,87150,92750
42083,Pennsylvania,McKean,47350,54100,60850,67600,73050,78450,83850,89250
42085,Pennsylvania,Mercer,46900,53600,60300,66950,72350,77700,83050,88400
42087,Pennsylvania,Mifflin,46900,53600,60300,66950,72350,77700,83050,88400
42089,Pennsylvania,Monroe,58450,66800,75150,83500,90200,96900,103550,110250
42091,Pennsylvania,Montgomery,66850,76400,85950,95500,103150,110800,118450,126100
42093,Pennsylvania,Montour,55850,63800,71800,79750,86150,92550,98900,105300
42095,Pennsylvania,Northampton,56150,64150,72150,80150,86600,93000,99400,105800
42097,Pennsylvania,Northumberland,46900,53600,60300,66950,72350,77700,83050,88400
42099,Pennsylvania,Perry,59050,67450,75900,84300,91050,97800,104550,111300
42101,Pennsylvania,Philadelphia,66850,76400,85950,95500,103150,110800,118450,126100
42103,Pennsylvania,Pike,56150,64150,72150,80150,86600,93000,99400,105800
42105,Pennsylvania,Potter,46900,53600,60300,66950,72350,77700,83050,88400
42107,Pennsylvania,Schuylkill,48100,54950,61800,68650,74150,79650,85150,90650
42109,Pennsylvania,Snyder,48750,55700,62650,69600,75200,80750,86350,91900
42111,Pennsylvania,Somerset,46900,53600,60300,66950,72350,77700,83050,88400
42113,Pennsylvania,Sullivan,49500,56600,63650,70700,76400,82050,87700,93350
42115,Pennsylvania,Susquehanna,49200,56200,63250,70250,75900,81500,87150,92750
42117,Pennsylvania,Tioga,46900,53600,60300,66950,72350,77700,83050,88400
42119,Pennsylvania,Union,57900,66150,74400,82650,89300,95900,102500,109100
42121,Pennsylvania,Venango,46900,53600,60300,66950,72350,77700,83050,88400
42123,Pennsylvania,Warren,46900,53600,60300,66950,72350,77700,83050,88400
42125,Pennsylvania,Washington,60100,68700,77300,85850,92750,99600,106500,113350
42127,Pennsylvania,Wayne,47000,53700,60400,67100,72500,77850,83250,88600
42129,Pennsylvania,Westmoreland,60100,68700,77300,85850,92750,99600,106500,113350
42131,Pennsylvania,Wyoming,46900,53600,60300,66950,72350,77700,83050,88400
42133,Pennsylvania,York,59300,67750,76200,84650,91450,98200,105000,111750
45001,South Carolina,Abbeville,40550,46350,52150,57900,62550,67200,71800,76450
45003,South Carolina,Aiken,49500,56550,63600,70650,76350,82000,87650,93300
45005,South Carolina,Allendale,38100,43550,49000,54400,58800,63150,67500,71850
45007,South Carolina,Anderson,48800,55800,62750,69700,75300,80900,86450,92050
45009,South Carolina,Bamberg,38550,44050,49550,55050,59500,63900,68300,72700
45011,South Carolina,Barnwell,39700,45350,51000,56650,61200,65750,70250,74800
45013,South Carolina,Beaufort,61700,70500,79300,88100,95150,102200,109250,116300
45015,South Carolina,Berkeley,62100,71000,79850,88700,95800,102900,110000,117100
45017,South Carolina,Calhoun,51950,59350,66750,74150,80100,86050,91950,97900
45019,South Carolina,Charleston,62100,71000,79850,88700,95800,102900,110000,117100
45021,South Carolina,Cherokee,40450,46200,52000,57750,62400,67000,71650,76250
45023,South Carolina,Chester,38850,44400,49950,55500,59950,64400,68850,73300
45025,South Carolina,Chesterfield,38650,44200,49700,55200,59650,64050,68450,72900
45027,South Carolina,Clarendon,39900,45600,51300,56950,61550,66100,70650,75200
45029,South Carolina,Colleton,38100,43550,49000,54400,58800,63150,67500,71850
45031,South Carolina,Darlington,38850,44400,49950,55500,59950,64400,68850,73300
45033,South Carolina,Dillon,38100,43550,49000,54400,58800,63150,67500,71850
45035,South Carolina,Dorchester,62100,71000,79850,88700,95800,102900,110000,117100
45037,South Carolina,Edgefield,49500,56550,63600,70650,76350,82000,87650,93300
45039,South Carolina,Fairfield,51950,59350,66750,74150,80100,86050,91950,97900
45041,South Carolina,Florence,43150,49300,55450,61600,66550,71500,76400,81350
45043,South Carolina,Georgetown,46450,53050,59700,66300,71650,76950,82250,87550
45045,South Carolina,Greenville,54150,61900,69650,77350,83550,89750,95950,102150
45047,South Carolina,Greenwood,38100,43550,49000,54400,58800,63150,67500,71850
45049,South Carolina,Hampton,38100,43550,49000,54400,58800,63150,67500,71850
45051,South Carolina,Horry,48650,55600,62550,69450,75050,80600,86150,91700
45053,South Carolina,Jasper,42600,48650,54750,60800,65700,70550,75400,80300
45055,South Carolina,Kershaw,47250,54000,60750,67500,72900,78300,83700,89100
45057,South Carolina,Lancaster,52200,59650,67100,74550,80550,86500,92450,98450
45059,South Carolina,Laurens,41650,47600,53550,59500,64300,69050,73800,78550
45061,South Carolina,Lee,38100,43550,49000,54400,58800,63150,67500,71850
45063,South Carolina,Lexington,51950,59350,66750,74150,80100,86050,91950,97900
45065,South Carolina,McCormick,45400,51850,58350,64800,70000,75200,80400,85550
45067,South Carolina,Marion,38100,43550,49000,54400,58800,63150,67500,71850
45069,South Carolina,Marlboro,38100,43550,49000,54400,58800,63150,67500,71850
45071,South Carolina,Newberry,43750,50000,56250,62450,67450,72450,77450,82450
45073,South Carolina,Oconee,45300,51800,58250,64700,69900,75100,80250,85450
45075,South Carolina,Orangeburg,38100,43550,49000,54400,58800,63150,67500,71850
45077,South Carolina,Pickens,54150,61900,69650,77350,83550,89750,95950,102150
45079,South Carolina,Richland,51950,59350,66750,74150,80100,86050,91950,97900
45081,South Carolina,Saluda,51950,59350,66750,74150,80100,86050,91950,97900
45083,South Carolina,Spartanburg,46000,52600,59150,65700,71000,76250,81500,86750
45085,South Carolina,Sumter,39950,45650,51350,57050,61650,66200,70750,75350
45087,South Carolina,Union,38100,43550,49000,54400,58800,63150,67500,71850
45089,South Carolina,Williamsburg,38100,43550,49000,54400,58800,63150,67500,71850
45091,South Carolina,York,62850,71800,80800,89750,96950,104150,111300,118500
47001,Tennessee,Anderson,55650,63600,71550,79500,85900,92250,98600,104950
47003,Tennessee,Bedford,44000,50250,56550,62800,67850,72850,77900,82900
47005,Tennessee,Benton,42350,48400,54450,60500,65350,70200,75050,79900
47007,Tennessee,Bledsoe,41950,47950,53950,59900,64700,69500,74300,79100
47009,Tennessee,Blount,55650,63600,71550,79500,85900,92250,98600,104950
47011,Tennessee,Bradley,46500,53150,59800,66400,71750,77050,82350,87650
47013,Tennessee,Campbell,41950,47950,53950,59900,64700,69500,74300,79100
47015,Tennessee,Cannon,64300,73500,82700,91850,99200,106550,113900,121250
47017,Tennessee,Carroll,44250,50600,56900,63200,68300,73350,78400,83450
47019,Tennessee,Carter,47500,54300,61100,67850,73300,78750,84150,89600
47021,Tennessee,Cheatham,64300,73500,82700,91850,99200,106550,113900,121250
47023,Tennessee,Chester,46050,52600,59200,65750,71050,76300,81550,86800
47025,Tennessee,Claiborne,41950,47950,53950,59900,64700,69500,74300,79100
47027,Tennessee,Clay,41950,47950,53950,59900,64700,69500,74300,79100
47029,Tennessee,Cocke,41950,47950,53950,59900,64700,69500,74300,79100
47031,Tennessee,Coffee,42800,48900,55000,61100,66000,70900,75800,80700
47033,Tennessee,Crockett,44750,51150,57550,63900,69050,74150,79250,84350
47035,Tennessee,Cumberland,42350,48400,54450,60500,65350,70200,75050,79900
47037,Tennessee,Davidson,64300,73500,82700,91850,99200,106550,113900,121250
47039,Tennessee,Decatur,41950,47950,53950,59900,64700,69500,74300,79100
47041,Tennessee,DeKalb,41950,47950,53950,59900,64700,69500,74300,79100
47043,Tennessee,Dickson,64300,73500,82700,91850,99200,106550,113900,121250
47045,Tennessee,Dyer,42350,48400,54450,60500,65350,70200,75050,79900
47047,Tennessee,Fayette,51050,58350,65650,72900,78750,84600,90400,96250
47049,Tennessee,Fentress,41950,47950,53950,59900,64700,69500,74300,79100
47051,Tennessee,Franklin,46500,53150,59800,66400,71750,77050,82350,87650
47053,Tennessee,Gibson,43150,49300,55450,61600,66550,71500,76400,81350
47055,Tennessee,Giles,47850,54650,61500,68300,73800,79250,84700,90200
47057,Tennessee,Grainger,41950,47950,53950,59900,64700,69500,74300,79100
47059,Tennessee,Greene,41950,47950,53950,59900,64700,69500,74300,79100
47061,Tennessee,Grundy,41950,47950,53950,59900,64700,69500,74300,79100
47063,Tennessee,Hamblen,42350,48400,54450,60500,65350,70200,75050,79900
47065,Tennessee,Hamilton,53500,61150,68800,76400,82550,88650,94750,100850
47067,Tennessee,Hancock,41950,47950,53950,59900,64700,69500,74300,79100
47069,Tennessee,Hardeman,41950,47950,53950,59900,64700,69500,74300,79100
47071,Tennessee,Hardin,41950,47950,53950,59900,64700,69500,74300,79100
47073,Tennessee,Hawkins,42950,49100,55250,61350,66300,71200,76100,81000
47075,Tennessee,Haywood,41950,47950,53950,59900,64700,69500,74300,79100
47077,Tennessee,Henderson,43400,49600,55800,62000,67000,71950,76900,81850
47079,Tennessee,Henry,41950,47950,53950,59900,64700,69500,74300,79100
47081,Tennessee,Hickman,42200,48200,54250,60250,65100,69900,74750,79550
47083,Tennessee,Houston,43350,49550,55750,61900,66900,71850,76800,81750
47085,Tennessee,Humphreys,44900,51300,57700,64100,69250,74400,79500,84650
47087,Tennessee,Jackson,42150,48150,54150,60150,65000,69800,74600,79400
47089,Tennessee,Jefferson,42350,48400,54450,60500,65350,70200,75050,79900
47091,Tennessee,Johnson,41950,47950,53950,59900,64700,69500,74300,79100
47093,Tennessee,Knox,55650,63600,71550,79500,85900,92250,98600,104950
47095,Tennessee,Lake,41950,47950,53950,59900,64700,69500,74300,79100
47097,Tennessee,Lauderdale,41950,47950,53950,59900,64700,69500,74300,79100
47099,Tennessee,Lawrence,42350,48400,54450,60500,65350,70200,75050,79900
47101,Tennessee,Lewis,41950,47950,53950,59900,64700,69500,74300,79100
47103,Tennessee,Lincoln,45750,52300,58850,65350,70600,75850,81050,86300
47105,Tennessee,Loudon,55650,63600,71550,79500,85900,92250,98600,104950
47107,Tennessee,McMinn,43600,49800,56050,62250,67250,72250,77200,82200
47109,Tennessee,McNairy,41950,47950,53950,59900,64700,69500,74300,79100
47111,Tennessee,Macon,43500,49700,55900,62100,67100,72050,77050,82000
47113,Tennessee,Madison,46050,52600,59200,65750,71050,76300,81550,86800
47115,Tennessee,Marion,53500,61150,68800,76400,82550,88650,94750,100850
47117,Tennessee,Marshall,47100,53800,60550,67250,72650,78050,83400,88800
47119,Tennessee,Maury,52750,60300,67850,75350,81400,87450,93450,99500
47121,Tennessee,Meigs,43700,49950,56200,62400,67400,72400,77400,82400
47123,Tennessee,Monroe,44600,50950,57300,63650,68750,73850,78950,84050
47125,Tennessee,Montgomery,49100,56100,63100,70100,75750,81350,86950,92550
47127,Tennessee,Moore,50600,57800,65050,72250,78050,83850,89600,95400
47129,Tennessee,Morgan,43150,49300,55450,61600,66550,71500,76400,81350
47131,Tennessee,Obion,42350,48400,54450,60500,65350,70200,75050,79900
47133,Tennessee,Overton,42350,48400,54450,60500,65350,70200,75050,79900
47135,Tennessee,Perry,41950,47950,53950,59900,64700,69500,74300,79100
47137,Tennessee,Pickett,41950,47950,53950,59900,64700,69500,74300,79100
47139,Tennessee,Polk,46500,53150,59800,66400,71750,77050,82350,87650
47141,Tennessee,Putnam,44650,51000,57400,63750,68850,73950,79050,84150
47143,Tennessee,Rhea,41950,47950,53950,59900,64700,69500,74300,79100
47145,Tennessee,Roane,50900,58150,65400,72650,78500,84300,90100,95900
47147,Tennessee,Robertson,64300,73500,82700,91850,99200,106550,113900,121250
47149,Tennessee,Rutherford,64300,73500,82700,91850,99200,106550,113900,121250
47151,Tennessee,Scott,41950,47950,53950,59900,64700,69500,74300,79100
47153,Tennessee,Sequatchie,53500,61150,68800,76400,82550,88650,94750,100850
47155,Tennessee,Sevier,44800,51200,57600,64000,69150,74250,79400,84500
47157,Tennessee,Shelby,51050,58350,65650,72900,78750,84600,90400,96250
47159,Tennessee,Smith,46600,53250,59900,66550,71900,77200,82550,87850
47161,Tennessee,Stewart,46000,52600,59150,65700,71000,76250,81500,86750
47163,Tennessee,Sullivan,42950,49100,55250,61350,66300,71200,76100,81000
47165,Tennessee,Sumner,64300,73500,82700,91850,99200,106550,113900,121250
47167,Tennessee,Tipton,51050,58350,65650,72900,78750,84600,90400,96250
47169,Tennessee,Trousdale,64300,73500,82700,91850,99200,106550,113900,121250
47171,Tennessee,Unicoi,47500,54300,61100,67850,73300,78750,84150,89600
47173,Tennessee,Union,55650,63600,71550,79500,85900,92250,98600,104950
47175,Tennessee,VanBuren,41950,47950,53950,59900,64700,69500,74300,79100
47177,Tennessee,Warren,41950,47950,53950,59900,64700,69500,74300,79100
47179,Tennessee,Washington,47500,54300,61100,67850,73300,78750,84150,89600
47181,Tennessee,Wayne,41950,47950,53950,59900,64700,69500,74300,79100
47183,Tennessee,Weakley,42300,48350,54400,60400,65250,70100,74900,79750
47185,Tennessee,White,41950,47950,53950,59900,64700,69500,74300,79100
47187,Tennessee,Williamson,64300,73500,82700,91850,99200,106550,113900,121250
47189,Tennessee,Wilson,64300,73500,82700,91850,99200,106550,113900,121250
51001,Virginia,Accomack,44050,50350,56650,62900,67950,73000,78000,83050
51003,Virginia,Albemarle,70500,80550,90600,100650,108750,116800,124850,132900
51005,Virginia,Alleghany,43750,50000,56250,62500,67500,72500,77500,82500
51007,Virginia,Amelia,63600,72650,81750,90800,98100,105350,112600,119900
51009,Virginia,Amherst,49600,56650,63750,70800,76500,82150,87800,93500
51011,Virginia,Appomattox,49600,56650,63750,70800,76500,82150,87800,93500
51013,Virginia,Arlington,74800,85450,96150,106800,115350,123900,132450,141000
51015,Virginia,Augusta,52850,60400,67950,75500,81550,87600,93650,99700
51017,Virginia,Bath,48750,55700,62650,69600,75200,80750,86350,91900
51019,Virginia,Bedford,49600,56650,63750,70800,76500,82150,87800,93500
51021,Virginia,Bland,43750,50000,56250,62500,67500,72500,77500,82500
51023,Virginia,Botetourt,50750,58000,65250,72500,78300,84100,89900,95700
51025,Virginia,Brunswick,43750,50000,56250,62500,67500,72500,77500,82500
51027,Virginia,Buchanan,43750,50000,56250,62500,67500,72500,77500,82500
51029,Virginia,Buckingham,47250,54000,60750,67500,72900,78300,83700,89100
51031,Virginia,Campbell,49600,56650,63750,70800,76500,82150,87800,93500
51033,Virginia,Caroline,60600,69250,77900,86550,93500,100400,107350,114250
51035,Virginia,Carroll,43750,50000,56250,62500,67500,72500,77500,82500
51036,Virginia,CharlesCity,63600,72650,81750,90800,98100,105350,112600,119900
51037,Virginia,Charlotte,43750,50000,56250,62500,67500,72500,77500,82500
51041,Virginia,Chesterfield,63600,72650,81750,90800,98100,105350,112600,119900
51043,Virginia,Clarke,74800,85450,96150,106800,115350,123900,132450,141000
51045,Virginia,Craig,50750,58000,65250,72500,78300,84100,89900,95700
51047,Virginia,Culpeper,64500,73700,82900,92100,99500,106850,114250,121600
51049,Virginia,Cumberland,43750,50000,56250,62500,67500,72500,77500,82500
51051,Virginia,Dickenson,43750,50000,56250,62500,67500,72500,77500,82500
51053,Virginia,Dinwiddie,63600,72650,81750,90800,98100,105350,112600,119900
51057,Virginia,Essex,44200,50500,56800,63100,68150,73200,78250,83300
51059,Virginia,Fairfax,74800,85450,96150,106800,115350,123900,132450,141000
51061,Virginia,Fauquier,74800,85450,96150,106800,115350,123900,132450,141000
51063,Virginia,Floyd,49400,56450,63500,70550,76200,81850,87500,93150
51065,Virginia,Fluvanna,70500,80550,90600,100650,108750,116800,124850,132900
51067,Virginia,Franklin,50900,58150,65400,72650,78500,84300,90100,95900
51069,Virginia,Frederick,63350,72400,81450,90500,97750,105000,112250,119500
51071,Virginia,Giles,46100,52700,59300,65850,71150,76400,81700,86950
51073,Virginia,Gloucester,59650,68200,76700,85200,92050,98850,105650,112500
51075,Virginia,Goochland,63600,72650,81750,90800,98100,105350,112600,119900
51077,Virginia,Grayson,43750,50000,56250,62500,67500,72500,77500,82500
51079,Virginia,Greene,70500,80550,90600,100650,108750,116800,124850,132900
51081,Virginia,Greensville,43750,50000,56250,62500,67500,72500,77500,82500
51083,Virginia,Halifax,43750,50000,56250,62500,67500,72500,77500,82500
51085,Virginia,Hanover,63600,72650,81750,90800,98100,105350,112600,119900
51087,Virginia,Henrico,63600,72650,81750,90800,98100,105350,112600,119900
51089,Virginia,Henry,43750,50000,56250,62500,67500,72500,77500,82500
51091,Virginia,Highland,44800,51200,57600,64000,69150,74250,79400,84500
51093,Virginia,IsleofWight,59650,68200,76700,85200,92050,98850,105650,112500
51095,Virginia,JamesCity,59650,68200,76700,85200,92050,98850,105650,112500
51097,Virginia,KingandQueen,50650,57850,65100,72300,78100,83900,89700,95450
51099,Virginia,KingGeorge,72950,83400,93800,104200,112550,120900,129250,137550
51101,Virginia,KingWilliam,63600,72650,81750,90800,98100,105350,112600,119900
51103,Virginia,Lancaster,51000,58250,65550,72800,78650,84450,90300,96100
51105,Virginia,Lee,43750,50000,56250,62500,67500,72500,77500,82500
51107,Virginia,Loudoun,74800,85450,96150,106800,115350,123900,132450,141000
51109,Virginia,Louisa,57750,66000,74250,82450,89050,95650,102250,108850
51111,Virginia,Lunenburg,43750,50000,56250,62500,67500,72500,77500,82500
51113,Virginia,Madison,50450,57650,64850,72050,77850,83600,89350,95150
51115,Virginia,Mathews,59650,68200,76700,85200,92050,98850,105650,112500
51117,Virginia,Mecklenburg,44550,50900,57250,63600,68700,73800,78900,84000
51119,Virginia,Middlesex,53550,61200,68850,76500,82650,88750,94900,101000
51121,Virginia,Montgomery,61400,70200,78950,87700,94750,101750,108750,115800
51125,Virginia,Nelson,70500,80550,90600,100650,108750,116800,124850,132900
51127,Virginia,NewKent,63600,72650,81750,90800,98100,105350,112600,119900
51131,Virginia,Northampton,47850,54650,61500,68300,73800,79250,84700,90200
51133,Virginia,Northumberland,50700,57950,65200,72400,78200,84000,89800,95600
51135,Virginia,Nottoway,47450,54200,61000,67750,73200,78600,84050,89450
51137,Virginia,Orange,65250,74550,83850,93150,100650,108100,115550,123000
51139,Virginia,Page,43900,50200,56450,62700,67750,72750,77750,82800
51141,Virginia,Patrick,44100,50400,56700,62950,68000,73050,78100,83100
51143,Virginia,Pittsylvania,43750,50000,56250,62500,67500,72500,77500,82500
51145,Virginia,Powhatan,63600,72650,81750,90800,98100,105350,112600,119900
51147,Virginia,PrinceEdward,46200,52800,59400,66000,71300,76600,81850,87150
51149,Virginia,PrinceGeorge,63600,72650,81750,90800,98100,105350,112600,119900
51153,Virginia,PrinceWilliam,74800,85450,96150,106800,115350,123900,132450,141000
51155,Virginia,Pulaski,48000,54850,61700,68550,74050,79550,85050,90500
51157,Virginia,Rappahannock,60700,69350,78000,86650,93600,100550,107450,114400
51159,Virginia,Richmond,48100,55000,61850,68700,74200,79700,85200,90700
51161,Virginia,Roanoke,50750,58000,65250,72500,78300,84100,89900,95700
51163,Virginia,Rockbridge,47750,54550,61350,68150,73650,79100,84550,90000
51165,Virginia,Rockingham,54500,62250,70050,77800,84050,90250,96500,102700
51167,Virginia,Russell,43750,50000,56250,62500,67500,72500,77500,82500
51169,Virginia,Scott,42950,49100,55250,61350,66300,71200,76100,81000
51171,Virginia,Shenandoah,49000,56000,63000,70000,75600,81200,86800,92400
51173,Virginia,Smyth,43750,50000,56250,62500,67500,72500,77500,82500
51175,Virginia,Southampton,52500,60000,67500,75000,81000,87000,93000,99000
51177,Virginia,Spotsylvania,74800,85450,96150,106800,115350,123900,132450,141000
51179,Virginia,Stafford,74800,85450,96150,106800,115350,123900,132450,141000
51181,Virginia,Surry,53950,61650,69350,77050,83250,89400,95550,101750
51183,Virginia,Sussex,63600,72650,81750,90800,98100,105350,112600,119900
51185,Virginia,Tazewell,43750,50000,56250,62500,67500,72500,77500,82500
51187,Virginia,Warren,58200,66500,74800,83100,89750,96400,103050,109700
51191,Virginia,Washington,42950,49100,55250,61350,66300,71200,76100,81000
51193,Virginia,Westmoreland,50600,57800,65050,72250,78050,83850,89600,95400
51195,Virginia,Wise,43750,50000,56250,62500,67500,72500,77500,82500
51197,Virginia,Wythe,46950,53650,60350,67050,72450,77800,83150,88550
51199,Virginia,York,59650,68200,76700,85200,92050,98850,105650,112500
51510,Virginia,Alexandriacity,74800,85450,96150,106800,115350,123900,132450,141000
51520,Virginia,Bristolcity,42950,49100,55250,61350,66300,71200,76100,81000
51530,Virginia,BuenaVistacity,47750,54550,61350,68150,73650,79100,84550,90000
51540,Virginia,Charlottesvillecity,70500,80550,90600,100650,108750,116800,124850,132900
51550,Virginia,Chesapeakecity,59650,68200,76700,85200,92050,98850,105650,112500
51570,Virginia,ColonialHeightscity,63600,72650,81750,90800,98100,105350,112600,119900
51580,Virginia,Covingtoncity,43750,50000,56250,62500,67500,72500,77500,82500
51590,Virginia,Danvillecity,43750,50000,56250,62500,67500,72500,77500,82500
51595,Virginia,Emporiacity,43750,50000,56250,62500,67500,72500,77500,82500
51600,Virginia,Fairfaxcity,74800,85450,96150,106800,115350,123900,132450,141000
51610,Virginia,FallsChurchcity,74800,85450,96150,106800,115350,123900,132450,141000
51620,Virginia,Franklincity,52500,60000,67500,75000,81000,87000,93000,99000
51630,Virginia,Fredericksburgcity,74800,85450,96150,106800,115350,123900,132450,141000
51640,Virginia,Galaxcity,43750,50000,56250,62500,67500,72500,77500,82500
51650,Virginia,Hamptoncity,59650,68200,76700,85200,92050,98850,105650,112500
51660,Virginia,Harrisonburgcity,54500,62250,70050,77800,84050,90250,96500,102700
51670,Virginia,Hopewellcity,63600,72650,81750,90800,98100,105350,112600,119900
51678,Virginia,Lexingtoncity,47750,54550,61350,68150,73650,79100,84550,90000
51680,Virginia,Lynchburgcity,49600,56650,63750,70800,76500,82150,87800,93500
51683,Virginia,Manassascity,74800,85450,96150,106800,115350,123900,132450,141000
51685,Virginia,ManassasParkcity,74800,85450,96150,106800,115350,123900,132450,141000
51690,Virginia,Martinsvillecity,43750,50000,56250,62500,67500,72500,77500,82500
51700,Virginia,NewportNewscity,59650,68200,76700,85200,92050,98850,105650,112500
51710,Virginia,Norfolkcity,59650,68200,76700,85200,92050,98850,105650,112500
51720,Virginia,Nortoncity,43750,50000,56250,62500,67500,72500,77500,82500
51730,Virginia,Petersburgcity,63600,72650,81750,90800,98100,105350,112600,119900
51735,Virginia,Poquosoncity,59650,68200,76700,85200,92050,98850,105650,112500
51740,Virginia,Portsmouthcity,59650,68200,76700,85200,92050,98850,105650,112500
51750,Virginia,Radfordcity,61400,70200,78950,87700,94750,101750,108750,115800
51760,Virginia,Richmondcity,63600,72650,81750,90800,98100,105350,112600,119900
51770,Virginia,Roanokecity,50750,58000,65250,72500,78300,84100,89900,95700
51775,Virginia,Salemcity,50750,58000,65250,72500,78300,84100,89900,95700
51790,Virginia,Stauntoncity,52850,60400,67950,75500,81550,87600,93650,99700
51800,Virginia,Suffolkcity,59650,68200,76700,85200,92050,98850,105650,112500
51810,Virginia,VirginiaBeachcity,59650,68200,76700,85200,92050,98850,105650,112500
51820,Virginia,Waynesborocity,52850,60400,67950,75500,81550,87600,93650,99700
51830,Virginia,Williamsburgcity,59650,68200,76700,85200,92050,98850,105650,112500
51840,Virginia,Winchestercity,63350,72400,81450,90500,97750,105000,112250,119500
54001,West Virginia,Barbour,39950,45650,51350,57050,61650,66200,70750,75350
54003,West Virginia,Berkeley,50200,57400,64550,71700,77450,83200,88950,94650
54005,West Virginia,Boone,42200,48200,54250,60250,65100,69900,74750,79550
54007,West Virginia,Braxton,39950,45650,51350,57050,61650,66200,70750,75350
54009,West Virginia,Brooke,47750,54550,61350,68150,73650,79100,84550,90000
54011,West Virginia,Cabell,43600,49800,56050,62250,67250,72250,77200,82200
54013,West Virginia,Calhoun,39950,45650,51350,57050,61650,66200,70750,75350
54015,West Virginia,Clay,43050,49200,55350,61450,66400,71300,76200,81150
54017,West Virginia,Doddridge,47250,54000,60750,67500,72900,78300,83700,89100
54019,West Virginia,Fayette,40350,46100,51850,57600,62250,66850,71450,76050
54021,West Virginia,Gilmer,39950,45650,51350,57050,61650,66200,70750,75350
54023,West Virginia,Grant,44800,51200,57600,64000,69150,74250,79400,84500
54025,West Virginia,Greenbrier,40250,46000,51750,57450,62050,66650,71250,75850
54027,West Virginia,Hampshire,63350,72400,81450,90500,97750,105000,112250,119500
54029,West Virginia,Hancock,47750,54550,61350,68150,73650,79100,84550,90000
54031,West Virginia,Hardy,39950,45650,51350,57050,61650,66200,70750,75350
54033,West Virginia,Harrison,47450,54200,61000,67750,73200,78600,84050,89450
54035,West Virginia,Jackson,46550,53200,59850,66500,71850,77150,82500,87800
54037,West Virginia,Jefferson,71500,81700,91900,102100,110300,118450,126650,134800
54039,West Virginia,Kanawha,43050,49200,55350,61450,66400,71300,76200,81150
54041,West Virginia,Lewis,42200,48200,54250,60250,65100,69900,74750,79550
54043,West Virginia,Lincoln,39950,45650,51350,57050,61650,66200,70750,75350
54045,West Virginia,Logan,39950,45650,51350,57050,61650,66200,70750,75350
54047,West Virginia,McDowell,39950,45650,51350,57050,61650,66200,70750,75350
54049,West Virginia,Marion,49800,56900,64000,71100,76800,82500,88200,93900
54051,West Virginia,Marshall,46000,52600,59150,65700,71000,76250,81500,86750
54053,West Virginia,Mason,42650,48750,54850,60900,65800,70650,75550,80400
54055,West Virginia,Mercer,40000,45700,51400,57100,61700,66250,70850,75400
54057,West Virginia,Mineral,52000,59400,66850,74250,80200,86150,92100,98050
54059,West Virginia,Mingo,39950,45650,51350,57050,61650,66200,70750,75350
54061,West Virginia,Monongalia,55100,63000,70850,78700,85000,91300,97600,103900
54063,West Virginia,Monroe,41200,47050,52950,58800,63550,68250,72950,77650
54065,West Virginia,Morgan,46150,52750,59350,65900,71200,76450,81750,87000
54067,West Virginia,Nicholas,42150,48150,54150,60150,65000,69800,74600,79400
54069,West Virginia,Ohio,46000,52600,59150,65700,71000,76250,81500,86750
54071,West Virginia,Pendleton,39950,45650,51350,57050,61650,66200,70750,75350
54073,West Virginia,Pleasants,46500,53150,59800,66400,71750,77050,82350,87650
54075,West Virginia,Pocahontas,39950,45650,51350,57050,61650,66200,70750,75350
54077,West Virginia,Preston,55100,63000,70850,78700,85000,91300,97600,103900
54079,West Virginia,Putnam,56850,65000,73100,81200,87700,94200,100700,107200
54081,West Virginia,Raleigh,40350,46100,51850,57600,62250,66850,71450,76050
54083,West Virginia,Randolph,41550,47500,53450,59350,64100,68850,73600,78350
54085,West Virginia,Ritchie,39950,45650,51350,57050,61650,66200,70750,75350
54087,West Virginia,Roane,39950,45650,51350,57050,61650,66200,70750,75350
54089,West Virginia,Summers,39950,45650,51350,57050,61650,66200,70750,75350
54091,West Virginia,Taylor,40500,46300,52100,57850,62500,67150,71750,76400
54093,West Virginia,Tucker,42850,49000,55100,61200,66100,71000,75900,80800
54095,West Virginia,Tyler,45150,51600,58050,64500,69700,74850,80000,85150
54097,West Virginia,Upshur,40600,46400,52200,58000,62650,67300,71950,76600
54099,West Virginia,Wayne,43600,49800,56050,62250,67250,72250,77200,82200
54101,West Virginia,Webster,39950,45650,51350,57050,61650,66200,70750,75350
54103,West Virginia,Wetzel,41800,47800,53750,59700,64500,69300,74050,78850
54105,West Virginia,Wirt,40550,46350,52150,57900,62550,67200,71800,76450
54107,West Virginia,Wood,40550,46350,52150,57900,62550,67200,71800,76450
54109,West Virginia,Wyoming,39950,45650,51350,57050,61650,66200,70750,75350
