GEO_ID,NAME,S1901_C01_001E,S1901_C01_001M,S1901_C02_001E,S1901_C02_001M,S1901_C03_001E,S1901_C03_001M,S1901_C04_001E,S1901_C04_001M,S1901_C01_002E,S1901_C01_002M,S1901_C02_002E,S1901_C02_002M,S1901_C03_002E,S1901_C03_002M,S1901_C04_002E,S1901_C04_002M,S1901_C01_003E,S1901_C01_003M,S1901_C02_003E,S1901_C02_003M,S1901_C03_003E,S1901_C03_003M,S1901_C04_003E,S1901_C04_003M,S1901_C01_004E,S1901_C01_004M,S1901_C02_004E,S1901_C02_004M,S1901_C03_004E,S1901_C03_004M,S1901_C04_004E,S1901_C04_004M,S1901_C01_005E,S1901_C01_005M,S1901_C02_005E,S1901_C02_005M,S1901_C03_005E,S1901_C03_005M,S1901_C04_005E,S1901_C04_005M,S1901_C01_006E,S1901_C01_006M,S1901_C02_006E,S1901_C02_006M,S1901_C03_006E,S1901_C03_006M,S1901_C04_006E,S1901_C04_006M,S1901_C01_007E,S1901_C01_007M,S1901_C02_007E,S1901_C02_007M,S1901_C03_007E,S1901_C03_007M,S1901_C04_007E,S1901_C04_007M,S1901_C01_008E,S1901_C01_008M,S1901_C02_008E,S1901_C02_008M,S1901_C03_008E,S1901_C03_008M,S1901_C04_008E,S1901_C04_008M,S1901_C01_009E,S1901_C01_009M,S1901_C02_009E,S1901_C02_009M,S1901_C03_009E,S1901_C03_009M,S1901_C04_009E,S1901_C04_009M,S1901_C01_010E,S1901_C01_010M,S1901_C02_010E,S1901_C02_010M,S1901_C03_010E,S1901_C03_010M,S1901_C04_010E,S1901_C04_010M,S1901_C01_011E,S1901_C01_011M,S1901_C02_011E,S1901_C02_011M,S1901_C03_011E,S1901_C03_011M,S1901_C04_011E,S1901_C04_011M,S1901_C01_012E,S1901_C01_012M,S1901_C02_012E,S1901_C02_012M,S1901_C03_012E,S1901_C03_012M,S1901_C04_012E,S1901_C04_012M,S1901_C01_013E,S1901_C01_013M,S1901_C02_013E,S1901_C02_013M,S1901_C03_013E,S1901_C03_013M,S1901_C04_013E,S1901_C04_013M,S1901_C01_014E,S1901_C01_014M,S1901_C02_014E,S1901_C02_014M,S1901_C03_014E,S1901_C03_014M,S1901_C04_014E,S1901_C04_014M,S1901_C01_015E,S1901_C01_015M,S1901_C02_015E,S1901_C02_015M,S1901_C03_015E,S1901_C03_015M,S1901_C04_015E,S1901_C04_015M,S1901_C01_016E,S1901_C01_016M,S1901_C02_016E,S1901_C02_016M,S1901_C03_016E,S1901_C03_016M,S1901_C04_016E,S1901_C04_016M
0500000US01001,"Autauga County, Alabama",20396,413,14213,539,11436,534,6183,578,6.1,1.2,2.9,0.9,1.2,0.6,13.7,3.4,6.7,1.5,2.9,1,0.8,0.5,16.4,4.5,9,1.7,7.2,1.9,4.8,1.7,13,3,11.6,1.8,10.4,2,8,1.8,16,3.8,15.1,2.4,13.1,2.6,13,2.8,18.4,4.6,19.2,1.9,21.5,2.4,22.6,2.8,14.2,4.1,12.9,1.6,16.4,2,19.3,2.4,4.6,1.8,13.7,1.8,18.5,2.5,21.6,3.1,1.7,1.1,3.2,0.9,3.9,1.3,4.7,1.5,1.4,1.2,2.4,0.9,3.2,1.2,3.9,1.5,0.6,0.7,51281,2391,65397,3284,74553,3698,30314,2908,64765,2838,76352,3376,N,N,36879,3652,27,(X),(X),(X),(X),(X),(X),(X),(X),(X),26.9,(X),(X),(X),(X),(X),(X),(X),(X),(X),(X),(X),26.4,(X)
0500000US01003,"Baldwin County, Alabama",74104,1265,50276,1220,39968,1191,23828,1070,6.4,0.7,4.3,0.8,2.2,0.8,12.2,1.5,5.3,0.6,2.5,0.5,1.3,0.4,10.9,1.7,12.2,1,8.3,0.9,5.7,0.8,20.9,2.3,10.8,0.9,8.8,1.2,7.5,1.1,14.5,1.7,15,1.2,14.6,1.4,13.2,1.6,16.6,2.2,18.5,1.2,20.9,1.5,22.1,1.7,13.1,1.7,11.9,0.9,14.6,1.2,16.8,1.4,5.4,1.5,12,0.9,15.6,1.3,18.3,1.6,4.6,1.3,4.1,0.6,5.4,0.8,6.5,1,0.8,0.5,3.9,0.5,5.1,0.7,6.3,0.8,1.1,0.7,50254,1263,62271,3203,72225,2402,29078,1844,68169,1776,80396,2791,90452,3093,40612,2867,30.4,(X),(X),(X),(X),(X),(X),(X),(X),(X),32,(X),(X),(X),(X),(X),(X),(X),(X),(X),(X),(X),26.6,(X)
0500000US01005,"Barbour County, Alabama",9222,272,6059,259,3991,223,3163,253,13.5,2.2,10.1,2.4,3.1,2.1,21.1,4.5,10.9,1.9,6.3,1.8,2.6,1.3,20.2,3.5,15.9,2.2,11.2,2.1,7,1.8,25.6,5,11.3,1.7,12.2,2.2,10.9,2.7,9.1,2.7,15.9,2.3,18.3,3,20.1,3.5,11.3,3.7,14.2,1.8,17,2.4,21.5,3.2,7.2,2,9.1,1.4,12.4,2.3,17.1,3.4,3,1.8,6.5,1.4,9.1,2.1,12.6,2.7,1.4,0.9,2,0.9,2.5,1.2,3.7,1.8,0.8,1.1,0.7,0.3,0.9,0.4,1.4,0.7,0.3,0.3,32964,2973,42216,2455,54550,5975,17460,1769,44688,2109,53832,2945,N,N,26069,2306,35.7,(X),(X),(X),(X),(X),(X),(X),(X),(X),39.9,(X),(X),(X),(X),(X),(X),(X),(X),(X),(X),(X),25.6,(X)
0500000US01007,"Bibb County, Alabama",7027,354,5296,359,4029,329,1731,236,7.7,2.2,5.4,2.7,2.7,1.7,18.9,5.5,6.5,2,4.3,2.5,1.6,1.5,13.2,5.2,15.8,3.5,13.2,3.4,8.5,3.2,24.7,7.3,16.3,2.7,14.3,3.1,12.7,3.7,20.3,6.3,15.6,3,17.6,4.1,18.8,4.4,10.4,4,16.9,3.7,21.4,4.2,26.7,5.7,5.4,3.1,11.3,2.2,13.5,2.7,16.2,3.2,4.3,3.1,7.6,2.6,7.3,2.6,9.6,3.3,2.8,2.4,1.5,0.7,2,1,2.1,1.2,0,1.7,0.7,0.5,0.9,0.7,1.2,0.9,0,1.7,38678,3995,45081,4552,52345,3907,21438,3998,52241,4910,57974,6326,N,N,28426,3492,45.1,(X),(X),(X),(X),(X),(X),(X),(X),(X),47.5,(X),(X),(X),(X),(X),(X),(X),(X),(X),(X),(X),33.4,(X)
0500000US01009,"Blount County, Alabama",20816,427,15639,416,12373,470,5177,352,7.8,1.5,5.3,1.5,2.9,1.2,16.8,3.7,6,1,2.6,0.8,1.7,0.8,16.5,3.4,12,1.5,9.9,1.8,7.5,1.6,18.6,3.4,13,1.7,11.9,2,11.5,2.1,16.1,3.7,14.7,1.7,15.1,2,14.5,2.1,14.7,3.6,22,1.9,25.2,2.4,26.5,2.7,12,2.8,11.5,1.3,13.6,1.7,15.7,2,3.8,1.6,9.9,1.4,12.9,1.9,15.6,2.4,0.9,0.8,2.1,0.9,2.4,1.1,2.9,1.3,0.3,0.4,0.9,0.4,1,0.4,1.3,0.6,0.3,0.4,45813,3141,55530,4416,62465,2680,23929,2298,54884,1963,62256,2389,N,N,29930,1901,29,(X),(X),(X),(X),(X),(X),(X),(X),(X),29.9,(X),(X),(X),(X),(X),(X),(X),(X),(X),(X),(X),24.5,(X)
0500000US01011,"Bullock County, Alabama",3683,253,2333,290,1171,228,1350,226,18.9,5,14.1,5.6,0,2.5,27.7,9.9,7.9,3,6.9,4,1.5,2,9.6,4.3,13.4,4.3,9.3,4.1,9.8,7,20.3,10.3,12.7,3.5,11.6,4.2,8.3,4.9,14.9,6.8,14.6,4.3,16.4,6.2,23.8,9.8,11.5,4.9,20.6,5.6,24.8,6.3,27,7.8,13.6,8.7,6.1,3,8.1,4.1,13.7,7.7,1.7,1.4,4.1,1.9,6,2.7,10.3,5.3,0.7,1.2,0.7,0.9,1,1.4,2,2.7,0,2.2,1.1,1.3,1.8,2,3.6,3.9,0,2.2,31938,5884,42074,3398,(X),(X),22130,3786,41947,5500,50410,7380,N,N,26764,5301,48.4,(X),(X),(X),(X),(X),(X),(X),(X),(X),47.4,(X),(X),(X),(X),(X),(X),(X),(X),(X),(X),(X),49.8,(X)
0500000US01013,"Butler County, Alabama",8056,252,5271,272,3357,230,2785,249,12.2,1.9,7.8,2.2,2.4,1.3,22,4.6,9.7,1.6,5,1.5,2.7,1.5,18.5,4,18.3,2.2,17.1,2.6,12.2,3,21.2,3.8,12.8,2.1,13.5,2.6,13.3,3.5,11.6,3.5,15.2,2,15.9,2.7,15.3,3.3,11.6,3.1,15.2,2.1,18.3,2.6,22.9,3.6,8.9,3.1,8.1,1.5,10.8,2.1,14.9,3,4.1,2.1,6.6,1.4,8.6,1.6,12,2.4,2,1.4,1.5,0.7,2.3,1.1,3.1,1.6,0,1.1,0.5,0.3,0.7,0.5,1.1,0.7,0.1,0.2,32229,1793,40088,2815,56037,3328,18431,2146,43972,2004,52301,2399,N,N,26998,2455,32.1,(X),(X),(X),(X),(X),(X),(X),(X),(X),32.7,(X),(X),(X),(X),(X),(X),(X),(X),(X),(X),(X),31,(X)
0500000US01015,"Calhoun County, Alabama",45154,645,30581,689,21309,684,14573,740,10.4,1,6.9,0.8,2,0.7,18.9,2.5,7.6,0.8,5.5,1,1.8,0.6,13.5,1.7,13.1,1,9.2,1.2,6.4,1.1,21,2,12.1,1.2,10.9,1.3,8.9,1.3,13.6,2,14.8,1,15.2,1.3,15.2,1.5,13.4,1.8,19.4,1.2,22.3,1.6,26.2,1.9,13.3,1.9,9.7,1,12.7,1.2,16.1,1.6,3.3,1.1,9.4,1.1,12.8,1.4,16.9,1.9,1.7,0.6,2.2,0.4,2.9,0.6,4.1,0.9,0.7,0.5,1.3,0.4,1.6,0.5,2.3,0.7,0.7,0.5,41703,925,52300,1447,63593,1913,23063,1534,53457,1386,62958,1822,75987,2529,32188,2111,30.9,(X),(X),(X),(X),(X),(X),(X),(X),(X),31.7,(X),(X),(X),(X),(X),(X),(X),(X),(X),(X),(X),28.3,(X)
0500000US01017,"Chambers County, Alabama",13787,410,8630,396,5591,328,5157,345,10.6,1.9,8.4,2.1,2.6,1.4,15.3,3.3,9.6,1.8,4.8,1.4,2.4,1.3,18.4,3.8,16.5,1.7,11.7,1.9,6.5,1.9,24.7,3.4,13.9,1.9,12.8,2.1,11.9,2.4,15.7,3.4,15,1.8,16.2,2.3,16.8,3.3,13.2,2.9,16.2,1.9,21.3,2.6,27.3,3.6,6.4,1.9,9.7,1.6,12.6,2.4,15.3,3.4,3.9,1.6,6.1,1.2,8.6,1.9,11.7,2.7,2.1,1.5,1,0.4,1.5,0.6,2.1,0.9,0.1,0.2,1.4,0.5,2.1,0.8,3.3,1.2,0.2,0.2,34177,2949,45779,2918,58589,3995,20681,1872,49456,3658,61346,5624,N,N,28130,2208,34,(X),(X),(X),(X),(X),(X),(X),(X),(X),36.8,(X),(X),(X),(X),(X),(X),(X),(X),(X),(X),(X),28.3,(X)
0500000US01019,"Cherokee County, Alabama",11278,437,8175,435,6448,370,3103,304,10.3,1.7,5.7,1.6,3.5,1.4,23.3,4.8,8.6,1.7,4.6,1.4,3.5,1.5,20.2,5.2,15.2,2.4,12.4,2.6,9.2,2.4,23.5,4.6,13.9,2.5,15.1,3.1,15,3.5,9.8,3.2,15.8,2.4,17.3,2.9,16.4,3,12.2,4.1,15.1,1.8,18.7,2.5,20.7,2.9,5.6,2.5,10.6,2,12.8,2.5,15.2,3.3,2.9,1.9,7.1,1.6,9.1,2,11.2,2.5,1.6,2,2.2,0.9,2.9,1.2,3.7,1.5,0.3,0.5,1.2,0.7,1.4,0.9,1.6,1.1,0.6,0.7,36296,1710,45444,3572,52133,3692,17894,3079,50591,3528,59426,4237,N,N,25832,3002,31.2,(X),(X),(X),(X),(X),(X),(X),(X),(X),31.2,(X),(X),(X),(X),(X),(X),(X),(X),(X),(X),(X),28.8,(X)
0500000US01021,"Chilton County, Alabama",16237,377,11589,432,8908,477,4648,401,9.2,1.6,6.4,1.6,1.8,0.9,19.5,3.7,6.7,1.3,4.3,1.4,3.6,1.5,14.5,3.8,12.5,1.8,9.9,1.8,6.5,1.8,19.6,4.3,13.7,1.9,12,2,11.2,2.4,16.9,3.7,15.7,2.1,15.6,2.2,17.6,2.7,12.3,3.4,18.1,2,21.8,2.5,23.5,2.9,9.1,3.5,11.5,1.7,13.9,2.3,17.2,2.8,4,1.6,9,1.5,11,1.7,12.8,2.2,3.9,2.5,2.5,0.8,3.5,1.1,4.1,1.5,0.1,0.1,1,0.6,1.5,0.8,1.7,1,0,0.6,41627,2025,51789,3567,60078,3262,23549,1757,55546,3895,64719,5313,N,N,30255,2990,33.9,(X),(X),(X),(X),(X),(X),(X),(X),(X),33.9,(X),(X),(X),(X),(X),(X),(X),(X),(X),(X),(X),32.6,(X)
0500000US01023,"Choctaw County, Alabama",5575,208,3554,227,2520,204,2021,223,15.9,2.3,9,2.2,2.4,1.2,29.9,5.7,9.3,2.1,3.2,1.5,1.3,0.8,19.5,4.8,15.3,2.9,13.9,3.2,8.1,2.9,18.8,5,11.8,2.7,11.3,2.8,11.9,3.4,12.8,5,12.1,2.1,14.4,2.7,17.3,3.4,6.8,3.3,14.7,2.5,17.6,3,21.4,4.3,8.8,3,9.6,1.8,13.3,2.6,14.8,3.6,2.8,1.7,7.6,2,11.9,3.1,16,4.1,0.6,0.7,2.4,1.1,3.4,1.6,4,2.1,0,1.5,1.3,0.7,2.1,1,2.8,1.4,0,1.5,33536,2231,47112,5193,(X),(X),15223,2318,47721,3104,60946,3851,N,N,22879,2373,27.2,(X),(X),(X),(X),(X),(X),(X),(X),(X),26.4,(X),(X),(X),(X),(X),(X),(X),(X),(X),(X),(X),28.6,(X)
0500000US01025,"Clarke County, Alabama",9622,326,6200,287,4486,259,3422,331,20.8,3.1,10.3,2.7,5,2.3,40.6,6,6.7,1.5,5.4,1.5,2.7,1.4,9.6,2.9,14.3,2.5,11.3,2.7,9.1,2.6,20.5,4.6,10.6,2.1,10.6,2.8,10.3,3.3,10.3,3.7,13.4,2.2,15.9,2.7,17.5,3.2,8.8,3.4,12.8,2,18,2.8,18.6,3.1,6.6,3.1,8.9,1.7,12.9,2.6,17.2,3.5,1.1,0.9,9.3,1.9,10.7,2.5,13.3,3.3,2.5,1.4,1.2,0.6,1.9,0.9,2.4,1.2,0,0.9,1.9,0.6,3,1,3.8,1.3,0,0.9,32011,3088,47168,3467,(X),(X),14938,2474,48153,3235,61775,4975,N,N,21100,2883,44,(X),(X),(X),(X),(X),(X),(X),(X),(X),44.2,(X),(X),(X),(X),(X),(X),(X),(X),(X),(X),(X),40.8,(X)
0500000US01027,"Clay County, Alabama",5419,225,3694,244,2753,226,1725,205,10,2.8,6,3.4,0.7,0.8,19.7,5.8,9.4,2.5,5.3,2.8,2.5,1.8,17.2,4.3,16.2,3.5,12.8,3.5,9.9,3.3,24.7,6.7,13.9,2.5,15.3,3.6,15.1,4.2,12.9,4.6,17.5,3.3,19.1,4.1,21.3,4.6,10.8,5.3,16.1,2.9,18.9,3.5,22,4.2,10.3,4.6,9,2.1,12.1,3.2,14.7,4.2,2.4,2,5.8,1.9,8,2.6,10.5,3.4,1.2,1.4,1.3,0.7,1.6,1,2.1,1.3,0.8,1.2,0.6,0.6,0.9,0.9,1.2,1.2,0,1.7,35327,4517,43192,4536,50788,6184,19418,2866,44846,2956,52816,3931,N,N,26983,2978,32.7,(X),(X),(X),(X),(X),(X),(X),(X),(X),36.9,(X),(X),(X),(X),(X),(X),(X),(X),(X),(X),(X),23.6,(X)
0500000US01029,"Cleburne County, Alabama",5776,193,4074,210,3227,234,1702,181,9.6,2.3,3,1.9,0.9,1,25.9,5.8,9.1,2.3,4.9,1.9,2,1.3,19.6,5.6,14,2.5,8.4,2.5,7,2.2,28.1,7.2,14.7,2.8,17.8,3.5,16.9,3.8,7.7,3.8,14.4,2.9,17.3,3.7,17.7,4.2,7.2,3.4,17.6,2.7,22.5,3.6,24.8,4.1,6.2,3.2,9.2,2.2,11.8,2.9,12.8,3.5,1.2,1.2,8.8,1.9,10.8,2.6,13.6,3.3,3.9,2.6,1,0.7,1.4,1,1.8,1.2,0,1.7,1.5,1,2,1.3,2.5,1.7,0.2,0.5,38056,3883,48761,3810,(X),(X),16704,2435,50244,3350,60203,4193,N,N,24855,3395,33.5,(X),(X),(X),(X),(X),(X),(X),(X),(X),34.8,(X),(X),(X),(X),(X),(X),(X),(X),(X),(X),(X),27.4,(X)
0500000US01031,"Coffee County, Alabama",19160,416,13012,433,9558,431,6148,341,7.7,1,5.1,1.1,2.3,0.6,14.4,1.9,7.3,1.1,4.3,1,1.3,0.5,14,2.4,12.4,1.5,9.1,1.6,6,1.4,20.3,3.1,11.8,1.4,10,1.4,8.1,1.5,15.6,3.1,13.4,1.5,13.2,1.8,12.9,1.9,13.8,2.6,15.6,1.6,17.4,1.9,19.7,2.2,11,2.1,12.2,1.4,14.8,1.9,17.5,2.4,6.1,2,13,1.6,17.5,2.2,21.1,2.4,3.1,1.1,4.5,1,6.1,1.3,8.2,1.8,1.2,1.2,2,0.8,2.6,1,3,1.2,0.7,0.8,46729,2066,62075,3084,74685,3030,25627,1648,62808,2520,74173,2972,N,N,36804,3498,37.2,(X),(X),(X),(X),(X),(X),(X),(X),(X),36.2,(X),(X),(X),(X),(X),(X),(X),(X),(X),(X),(X),38.3,(X)
0500000US01033,"Colbert County, Alabama",22204,438,15087,475,10695,432,7117,422,10.3,1.3,7.2,1.4,3.2,1.2,18,3.1,6.4,1,3.1,1,1.8,0.9,13.4,2.5,14,1.4,10.4,1.6,8.4,1.7,22.3,3.3,13.2,1.6,12.4,1.9,10.2,1.9,15.4,2.5,14.6,1.1,15.7,1.4,15.1,1.6,13.1,2.8,17.9,1.5,20.4,2,21.3,2.4,11.7,2.8,12,1.4,15.6,1.9,19.8,2.5,3.1,1.5,8,1.2,10.4,1.6,13.4,2.1,2.2,1.1,2.5,0.7,3.5,1,4.9,1.4,0.4,0.4,1.1,0.4,1.4,0.6,2,0.8,0.4,0.5,40576,2536,51154,2248,61979,3112,23425,1939,53233,2178,62338,2916,73200,3823,31871,2671,39.6,(X),(X),(X),(X),(X),(X),(X),(X),(X),39.4,(X),(X),(X),(X),(X),(X),(X),(X),(X),(X),(X),38.6,(X)
0500000US01035,"Conecuh County, Alabama",5168,218,3434,267,2377,215,1734,237,18.3,3.6,13.4,4,6.5,3.1,28.1,6.6,13.7,3.1,9.9,3.2,7.3,3.5,21.2,6,18.2,3,16.8,3.6,12.5,4,22.3,6.8,11.9,2.6,12.8,3.2,13.7,4.2,8.6,4.1,10.6,2.1,12.2,3,12.8,3.9,7.8,3.3,14.9,3,18.6,3.9,24.8,5,7,4.3,7.4,2.1,9.7,2.9,13.3,4,3,2.3,3.3,1.2,4.5,1.7,6.4,2.5,1.1,1.2,1.2,0.6,1.6,1,1.9,1.4,0.2,0.5,0.5,0.4,0.5,0.5,0.7,0.7,0.6,1,24900,3001,32690,4389,46775,6135,15166,1768,38051,3416,44944,4544,N,N,24097,4289,27.6,(X),(X),(X),(X),(X),(X),(X),(X),(X),25.5,(X),(X),(X),(X),(X),(X),(X),(X),(X),(X),(X),31.7,(X)
0500000US01037,"Coosa County, Alabama",4450,233,2798,225,1925,187,1652,209,11.6,2.6,6.6,3.1,3.6,2.5,20.6,5.6,9.7,3.1,5.6,3.3,4.9,3.8,17.9,6.2,17.6,3.3,14.7,4.1,10.1,3.8,21.8,5.7,15.1,3.7,14.8,4.2,14.6,5.1,16.5,6.3,14.7,3.9,16.1,5.4,15.1,5.6,13,5.2,17.7,3.4,25.3,4.9,30.4,6.5,4,2.5,8.5,2.8,9.9,4,11.2,5.2,5.8,3.4,3,1.3,4.6,2.1,6.6,3,0.1,0.2,1.5,1,1.6,1.4,2.2,1.9,0.2,0.4,0.5,0.6,0.8,1,1.1,1.5,0,1.8,31212,2971,42539,3293,(X),(X),19139,2787,41365,2615,49398,3843,N,N,25794,2994,37.8,(X),(X),(X),(X),(X),(X),(X),(X),(X),38.7,(X),(X),(X),(X),(X),(X),(X),(X),(X),(X),(X),36.4,(X)
0500000US01039,"Covington County, Alabama",14949,348,10401,355,7591,319,4548,276,10.8,1.3,7.2,1.2,1.9,0.9,20.5,3.2,7.4,0.9,4.3,1.1,1.6,0.6,15.2,2.5,15.3,1.4,11.7,1.8,9.8,2,23.3,3,14.7,1.4,14.6,1.8,13,2,15.2,2.7,13.9,1.5,16.6,2,18.2,2.4,7.6,1.9,18.6,1.5,20.7,2,24.3,2.5,12.6,2.5,8.2,1.3,10,1.5,12.5,2,3.5,2,7.5,1.1,10.1,1.5,12.8,2,1.8,1,1.9,0.6,2.5,0.8,3.2,1.1,0.3,0.3,1.7,0.4,2.3,0.6,2.8,0.8,0.1,0.2,36444,1673,45758,2262,55005,2663,20722,1512,50925,1853,60009,2424,N,N,28593,1977,42.2,(X),(X),(X),(X),(X),(X),(X),(X),(X),41.1,(X),(X),(X),(X),(X),(X),(X),(X),(X),(X),(X),42.3,(X)
0500000US01041,"Crenshaw County, Alabama",5383,180,3562,197,2521,195,1821,163,10.9,2,6.5,2.1,3,2,20.2,4.2,11.4,2.2,4.7,1.8,3.5,1.8,24.7,5.4,14.7,2.5,11.4,2.5,7.1,2.3,22.4,5.7,12.1,2.1,9.4,2.3,7.1,2.5,16.5,3.9,13.8,2.3,17.8,3,18.2,3.4,7.5,2.2,16.4,2.3,22.3,2.9,25.5,3.7,4.4,2.5,9.3,1.8,12.7,2.7,16.1,3.4,1.8,1.3,7.6,1.5,10.1,2.1,12.1,2.7,1.7,1.4,1.6,0.7,2.4,1,3.4,1.4,0,1.6,2.2,0.8,2.8,1,3.9,1.3,0.8,1.2,36022,3041,50235,3266,57531,5473,16595,1775,50203,2963,62240,3974,N,N,24309,2716,39,(X),(X),(X),(X),(X),(X),(X),(X),(X),40.4,(X),(X),(X),(X),(X),(X),(X),(X),(X),(X),(X),35.7,(X)
0500000US01043,"Cullman County, Alabama",31287,535,21864,664,17161,605,9423,531,10.8,1.1,4.9,1.1,2.1,0.7,24.8,3.1,6.7,0.9,3.6,0.8,2.5,0.8,14.5,2.4,14.4,1.4,12.1,1.6,10.5,1.7,20.6,2.9,12.7,1.2,13,1.4,12,1.5,11.5,1.9,17.2,1.6,17.9,2.1,17.4,2.4,15.3,2.1,16.9,1.4,20.5,1.8,22.8,2.3,8.3,2.3,10.4,0.9,13.4,1.3,14.9,1.6,3.3,1.2,6.8,0.8,9.2,1.1,11.4,1.4,1.1,0.5,2.4,0.5,3.3,0.7,3.6,0.8,0.3,0.2,1.7,0.5,2.2,0.6,2.7,0.8,0.3,0.3,38971,1526,48200,2757,55226,3263,19097,1258,51783,1883,61709,2441,68165,2882,27817,1888,28.3,(X),(X),(X),(X),(X),(X),(X),(X),(X),29.6,(X),(X),(X),(X),(X),(X),(X),(X),(X),(X),(X),24.7,(X)
0500000US01045,"Dale County, Alabama",19018,389,12611,427,9226,401,6407,423,10.8,1.2,6.1,1.3,1.5,0.7,20.2,2.6,7.6,1.2,3.9,0.9,2,1,15.2,3.1,11.6,1.3,8.2,1.3,5.6,1.2,19.2,2.8,11,1.3,10.8,1.5,8.8,1.5,10.9,2.5,14.2,1.4,15.2,1.8,15.5,2,12,2.7,19.6,1.6,22.6,2,25.7,2.4,13.4,2.7,11.6,1.3,14.7,1.9,18.1,2.5,5.5,1.6,9.2,1.1,12.6,1.7,15.6,2.1,2.1,1,3.1,0.7,4.2,1.1,5.4,1.4,0.9,0.7,1.3,0.5,1.7,0.6,1.8,0.7,0.6,0.4,45028,2413,56441,2554,66428,1858,22188,1849,55568,2317,66090,2941,76104,3507,34017,2453,30.8,(X),(X),(X),(X),(X),(X),(X),(X),(X),30.8,(X),(X),(X),(X),(X),(X),(X),(X),(X),(X),(X),30.6,(X)
0500000US01047,"Dallas County, Alabama",16413,413,10242,419,5086,358,6171,460,20.5,2,15.4,2.2,4.1,1.6,30.1,3.7,9.1,1.5,6.4,1.5,2.4,1.5,14.4,2.9,17.4,1.7,15.6,2,10.6,2.4,20.1,3.2,12.1,1.8,11.1,2.1,7.4,2.2,14.1,3.1,12.8,1.9,15.3,2.4,18.2,3,9.3,2.3,11.3,1.4,14.5,2.1,18.9,3.3,5.8,1.7,7,1.2,8.8,1.7,15.5,3.1,2.7,1.5,6.2,1,8.5,1.5,14.7,2.7,1.5,0.8,1.5,0.6,2.4,1,4.4,1.9,0,0.5,2,0.7,2,0.8,3.7,1.6,1.9,1.4,27306,2075,36739,3244,58716,3277,17114,1588,43626,2227,50702,2470,72345,4260,29655,4314,39,(X),(X),(X),(X),(X),(X),(X),(X),(X),38.8,(X),(X),(X),(X),(X),(X),(X),(X),(X),(X),(X),37.9,(X)
0500000US01049,"DeKalb County, Alabama",25013,559,17607,625,13862,545,7406,504,10.7,1.8,6,1.6,4,1.8,22.7,3.7,7.8,0.9,4.3,0.9,2.2,0.8,17.5,2.8,14.9,1.2,11.8,1.5,9.8,1.7,23.4,3.3,12.5,1.5,12.8,1.7,11.8,1.7,11.8,2.5,16.8,1.5,20,1.8,21.7,2.3,9.2,2.5,19.2,2,22,2.1,23.9,2.6,10.1,3.2,9.6,1.3,12.1,1.7,13.5,2,3,1.3,5.9,1,7.8,1.3,9.5,1.6,1.2,0.8,1.2,0.3,1.5,0.4,1.7,0.5,0.5,0.5,1.4,0.3,1.8,0.5,1.9,0.6,0.5,0.4,38192,1360,45803,2393,50313,1738,18559,2713,48656,1721,56082,2233,60826,2601,28807,2493,28.8,(X),(X),(X),(X),(X),(X),(X),(X),(X),27.5,(X),(X),(X),(X),(X),(X),(X),(X),(X),(X),(X),31.4,(X)
0500000US01051,"Elmore County, Alabama",28651,568,20655,658,15565,615,7996,570,6.4,1.2,4.5,1.2,1.4,0.7,12.4,3,4.7,0.8,2,0.8,0.9,0.4,12.3,2.4,10.3,1.4,8.2,1.6,4.9,1.7,16.4,3.3,11,1.5,9,1.6,6.8,1.6,16.3,3,14.6,1.3,13,1.3,12.5,1.6,16.8,2.9,19,1.4,20.6,1.6,22.1,1.9,16.9,3.6,14.3,1.4,17.4,1.9,20.1,2.4,5.2,1.4,14.1,1.2,18.3,1.7,22.7,2.1,2.6,1,3.6,0.8,4.3,0.9,5.3,1.1,0.8,0.8,2.1,0.5,2.7,0.7,3.3,0.9,0.4,0.4,53555,1980,65560,3200,76424,2271,30772,1993,66592,2391,76438,2754,87320,3522,37703,2300,27.1,(X),(X),(X),(X),(X),(X),(X),(X),(X),27.8,(X),(X),(X),(X),(X),(X),(X),(X),(X),(X),(X),23.4,(X)
0500000US01053,"Escambia County, Alabama",13659,330,9177,422,6027,362,4482,412,12.4,1.7,7.4,1.9,2.6,1.3,24.1,4.2,11.2,2,7.3,2.4,2.5,1.3,20.4,4.1,17.4,2.4,15.5,2.7,9.7,3,21.5,3.8,11.4,1.8,13.4,2.4,13,2.6,11.2,3.2,14.3,1.8,16.9,2.4,19.8,3.4,9.3,3.1,16.1,1.9,16.5,2.3,20.4,3.1,11,2.8,7.7,1.8,9.6,2,13.6,2.9,1.4,1.1,7,1.5,9.9,2.1,13.3,2.9,0.6,0.5,1.3,0.5,1.8,0.7,2.8,1.1,0.1,0.2,1.2,0.6,1.6,0.9,2.4,1.4,0.4,0.5,32330,2209,40605,2377,52788,5139,17189,1580,44903,2409,52954,3378,N,N,25237,2225,25.1,(X),(X),(X),(X),(X),(X),(X),(X),(X),23.4,(X),(X),(X),(X),(X),(X),(X),(X),(X),(X),(X),26.4,(X)
0500000US01055,"Etowah County, Alabama",39899,627,27595,618,20065,613,12304,626,8.8,0.8,5.8,0.9,2.3,0.7,16.8,2.3,8.1,1,4.5,0.9,2.6,0.8,16.4,2.1,17.4,1.1,13.7,1.3,8.7,1.2,25.7,2.2,11.4,1,10.8,1.3,10.6,1.4,13.6,1.7,13.2,1.2,14,1.3,13.9,1.3,11.2,2.1,19.3,1.2,22.5,1.5,25.4,1.7,11.5,2,10.7,1.1,13.9,1.5,17.3,1.9,2.9,0.9,8.3,0.9,11,1.3,14,1.6,1.2,0.5,1.7,0.4,2.2,0.5,3,0.7,0.2,0.2,1.3,0.3,1.7,0.5,2.3,0.6,0.5,0.3,39220,1976,51104,1745,60551,2138,21157,1142,51264,1326,60013,1789,69872,2280,29619,1408,34,(X),(X),(X),(X),(X),(X),(X),(X),(X),35.1,(X),(X),(X),(X),(X),(X),(X),(X),(X),(X),(X),30.1,(X)
0500000US01057,"Fayette County, Alabama",7037,249,4947,274,3624,274,2090,245,14.6,2.5,7.1,2.1,4.2,1.9,32.4,6.7,8.5,1.8,3.8,1.4,2.5,1.1,19.8,4.3,12.8,2.1,11,2.4,6,2.3,19.9,5.1,14.5,2.6,17.2,3.4,15.9,3.8,9.2,3.4,15.8,2.5,18.1,3.3,19.3,3.9,8.7,3.3,15.1,2.2,17.8,2.8,20.2,3.5,7.3,2.7,10.5,1.8,14.3,2.4,17.3,3.2,0.9,1,5.6,1.5,7.2,2.2,9.7,2.8,1.8,1.2,1.1,0.6,1.5,0.8,2,1.1,0,1.4,1.5,0.8,2.1,1.1,2.9,1.4,0,1.4,34680,2112,43502,4014,52209,5713,14573,1148,46340,3065,56350,3818,N,N,21383,2456,34.5,(X),(X),(X),(X),(X),(X),(X),(X),(X),37.9,(X),(X),(X),(X),(X),(X),(X),(X),(X),(X),(X),26.3,(X)
0500000US01059,"Franklin County, Alabama",11980,293,8354,389,5873,376,3626,325,9.6,1.9,5.6,1.9,1.3,0.9,19.2,4.2,8.1,2,3.7,1.9,1.8,1.1,18.5,3.9,17.4,2.6,15.1,3.1,9.3,2.2,22.8,4.2,14.5,2.6,14.9,3.2,14.3,3.4,13.6,3.6,16.1,2.1,18.3,2.8,20.6,3.7,11.1,3.4,15.7,2.2,19.3,2.7,25.1,3.5,7,2.6,9.8,1.8,12.3,2.3,16,3.3,4.9,3,5.8,1.3,6.6,1.7,8,2.2,2.8,1.8,1.4,0.5,2,0.8,1.9,0.8,0,0.8,1.6,0.8,2.2,1.1,1.7,1,0.1,0.2,35372,2437,44847,2906,52839,3519,20985,2702,47562,2828,55495,3426,N,N,28099,3113,34.7,(X),(X),(X),(X),(X),(X),(X),(X),(X),35.6,(X),(X),(X),(X),(X),(X),(X),(X),(X),(X),(X),31.5,(X)
0500000US01061,"Geneva County, Alabama",10754,293,7522,365,5397,334,3232,318,9.7,1.7,8,2,2.3,1,15.9,3.9,9.2,1.8,5.6,1.7,3.8,1.9,18.2,4.2,17.5,2.1,13.1,2.4,9.8,2.1,28.2,4.2,12.2,1.5,12,1.8,10.9,1.8,12.1,3.5,15.7,2.2,15.9,2.4,17,2.9,13.9,4.7,15.9,2.1,19.8,2.7,22.3,3.4,6.8,2.6,9.6,1.3,12,1.8,16.5,2.5,2.6,1.5,7.2,1.5,9.5,2,12.1,2.6,1.8,1.5,1.8,0.6,2.5,0.9,3.4,1.3,0.1,0.2,1.2,0.6,1.6,0.9,1.9,1.1,0.3,0.4,36024,2022,45438,3545,(X),(X),18626,2542,49044,3178,57571,4527,N,N,27379,2996,33.5,(X),(X),(X),(X),(X),(X),(X),(X),(X),33,(X),(X),(X),(X),(X),(X),(X),(X),(X),(X),(X),34.2,(X)
0500000US01063,"Greene County, Alabama",3201,188,1897,205,1002,165,1304,183,20.8,4.5,10.1,4.2,7.3,5,36.5,8.1,17.4,5.1,16.4,6,9.4,5.4,18.7,7,20,3.9,20.9,5.2,16.9,6.7,18.7,5.4,10.3,2.5,12.3,4.5,10.9,5.2,10.8,3.7,14.6,4.2,15.2,5.7,17.6,9,10.2,4.9,7.1,2.7,10.4,4.1,12.6,6.4,3,2.3,4.3,2.2,5.6,3.2,8.6,5.3,1.8,2,3.9,2.1,6.6,3.6,12.2,6.9,0,2.3,1,1.1,1.5,1.8,2.9,3.4,0.2,0.4,0.6,0.9,0.9,1.5,1.8,2.9,0,2.3,20541,2413,27021,4573,44432,12050,13777,1853,33110,4224,42338,6775,N,N,18964,2776,47.8,(X),(X),(X),(X),(X),(X),(X),(X),(X),48.7,(X),(X),(X),(X),(X),(X),(X),(X),(X),(X),(X),46.4,(X)
0500000US01065,"Hale County, Alabama",5927,220,3898,212,2404,186,2029,239,15.8,2.1,11.3,2.3,1.3,0.9,25.5,5.1,8.8,1.7,7.7,2.1,3.2,1.7,12.4,3.3,14.5,2.3,11,2.4,7.2,2.1,22.1,4.7,14,2.7,11.3,2.5,10.4,2.9,19.2,5,15,2.7,16.2,3.1,19.9,4.1,10.8,3.7,14.9,2.3,19.2,3.1,22.2,3.8,5.7,2.9,8,2,10.3,2.4,15.4,3.6,3.3,3.2,5.6,1.4,8.1,2.1,12.6,3.4,0.7,0.8,1.7,0.9,2.6,1.3,4.1,2.1,0,1.5,1.6,0.8,2.3,1.2,3.7,1.9,0.2,0.4,32714,2373,42458,3577,56361,3811,19955,3694,46127,3288,55314,4037,N,N,27130,4707,43.9,(X),(X),(X),(X),(X),(X),(X),(X),(X),46.5,(X),(X),(X),(X),(X),(X),(X),(X),(X),(X),(X),38.4,(X)
0500000US01067,"Henry County, Alabama",6894,215,4546,245,3549,206,2348,259,10.1,2.2,4,1.8,2.5,1.5,21.8,5.2,8.6,1.9,2.9,1.1,0.8,0.7,20.2,5,13.1,2.3,11.1,2.5,6,1.8,17.3,4.2,11.4,2.5,10.9,2.7,11.2,3,12,4.5,14,2.6,14.8,3,15.3,3.4,11.9,4.4,19,2.5,24.2,3.4,24.6,3.8,10.1,4.2,9.4,1.8,13.1,2.4,15.6,2.9,1.6,1.8,10.2,2.1,12.7,2.7,16.3,3.4,4.7,2.9,3.3,1.7,5,2.6,6.2,3.3,0,1.3,1,0.5,1.2,0.7,1.5,0.9,0.5,0.5,41997,3220,55335,5785,(X),(X),17932,3316,54837,3488,66533,4669,N,N,31094,4865,32.8,(X),(X),(X),(X),(X),(X),(X),(X),(X),33,(X),(X),(X),(X),(X),(X),(X),(X),(X),(X),(X),31.3,(X)
0500000US01069,"Houston County, Alabama",39197,336,26082,375,18272,307,13115,374,9.2,0.5,6.7,0.6,1.5,0.3,15.8,1.2,7.4,0.6,4.3,0.5,1.3,0.3,14.2,1.4,13.2,0.6,9.8,0.7,5.9,0.5,20.3,1.2,12.4,0.7,11,0.7,9.2,0.8,15,1.2,15.7,0.6,15.3,0.8,15,1,15.3,1,16.9,0.7,19.6,0.8,22.6,1,11.2,0.9,10.4,0.6,13.5,0.8,17.7,1,3.9,0.6,8.9,0.6,11.9,0.7,15.8,1,2.5,0.6,3,0.4,4.1,0.6,5.6,0.8,0.9,0.3,2.9,0.3,4,0.4,5.3,0.6,0.8,0.3,41571,863,52870,1067,68489,1537,24760,1064,59545,1215,71163,1664,86967,2413,34790,1282,33.2,(X),(X),(X),(X),(X),(X),(X),(X),(X),33.5,(X),(X),(X),(X),(X),(X),(X),(X),(X),(X),(X),31.4,(X)
0500000US01071,"Jackson County, Alabama",20431,498,14249,473,11307,457,6182,438,10.2,1.2,7.7,1.4,4.2,1.3,16.9,2.8,8.7,1.1,3.8,1,1.2,0.5,20.2,3.4,14.5,1.5,12.1,1.8,9.9,2.1,20.5,2.8,13.3,1.6,13.9,1.8,14.3,2.1,12.1,3,16.2,1.5,17.1,1.9,18.3,2.1,13.7,2.8,17.4,1.7,20.2,2.1,22.3,2.5,10.4,2.9,10.2,1.3,13,1.8,15.1,2.2,3,1.1,6.2,1,8.2,1.3,9.8,1.6,1.8,1.1,1.7,0.7,2.2,0.9,2.7,1.1,0.4,0.4,1.5,0.7,1.7,0.7,2.1,0.9,1,1.5,37745,1399,45473,2993,52127,2502,19907,2024,48877,2058,56421,2635,63265,2984,30230,3411,29.9,(X),(X),(X),(X),(X),(X),(X),(X),(X),29.1,(X),(X),(X),(X),(X),(X),(X),(X),(X),(X),(X),30.9,(X)
0500000US01073,"Jefferson County, Alabama",260929,1677,166460,1849,109070,1527,94469,1683,10,0.3,6.8,0.4,1.6,0.3,16.4,0.8,6.5,0.4,4.3,0.4,1.7,0.3,10.6,0.8,12.2,0.4,9.3,0.5,5.3,0.5,17.8,0.9,11,0.4,9.4,0.5,7,0.6,14.1,0.7,13.5,0.5,12.6,0.6,10.9,0.7,14.9,0.8,16.9,0.6,17.5,0.7,19.1,0.7,15.1,0.8,10.7,0.3,13.5,0.5,17.1,0.7,5.5,0.5,11.2,0.4,15.2,0.5,20.7,0.8,3.5,0.4,4,0.2,5.7,0.4,8.3,0.6,0.9,0.2,4.1,0.2,5.6,0.3,8.4,0.5,1.2,0.2,45610,910,60367,816,80943,1268,28317,957,66801,1065,81368,1549,103411,2097,39665,1071,33.8,(X),(X),(X),(X),(X),(X),(X),(X),(X),35,(X),(X),(X),(X),(X),(X),(X),(X),(X),(X),(X),30.7,(X)
0500000US01075,"Lamar County, Alabama",6138,232,4392,265,3409,269,1746,261,12.1,2.4,7.2,2.4,3.2,1.8,25,5.6,10.4,2.8,5.3,2.6,3.8,3,25.1,6.4,11.8,2.4,12.6,3.5,7.7,2.5,15,3.9,14.8,3,15.1,3.3,16.1,3.7,11.1,4,18.8,3.2,22.2,4.2,24.3,4.5,9.3,3.9,17.8,3.7,18.4,3.6,22.1,4.5,12.8,7.7,6.4,1.8,8.5,2.4,9.4,2.9,1.1,1.2,5.2,1.5,7.1,2.1,8.8,2.6,0.5,0.8,1.3,1.1,1.8,1.6,2.3,2,0,1.7,1.3,1,1.8,1.4,2.3,1.8,0,1.7,35450,2018,40740,3051,47619,3917,14974,1945,47505,6241,56098,8296,N,N,23517,3813,34.4,(X),(X),(X),(X),(X),(X),(X),(X),(X),35.2,(X),(X),(X),(X),(X),(X),(X),(X),(X),(X),(X),32.2,(X)
0500000US01077,"Lauderdale County, Alabama",38612,582,25104,620,19359,653,13508,568,9.7,1,6.6,1.2,2.1,0.8,17.4,2.3,7.5,0.9,3.2,0.7,1.1,0.5,15.8,2,12.7,1.1,8.5,1.2,6,1.1,20.5,2.6,11.4,1.2,9,1.3,7.7,1.3,16.4,2,15.2,1.2,15,1.5,15.5,1.6,14.5,2,19.3,1.5,24,2,26.8,2.3,9.4,1.6,10.4,1.2,14.7,1.9,17.6,2.3,2.7,0.8,9.1,1.1,12.4,1.5,15.2,1.8,2,0.8,2.7,0.7,3.9,1,4.8,1.2,0.6,0.4,2,0.5,2.7,0.6,3.2,0.8,0.7,0.6,43125,1602,56200,2123,64909,3126,22617,1573,56821,2036,69910,2746,79117,3277,30803,1803,38.8,(X),(X),(X),(X),(X),(X),(X),(X),(X),38.3,(X),(X),(X),(X),(X),(X),(X),(X),(X),(X),(X),38.8,(X)
0500000US01079,"Lawrence County, Alabama",13537,269,9684,341,7091,364,3853,303,8.7,1.7,4.8,1.3,2.7,1.1,18.9,4.5,8.3,1.6,5.4,1.9,2.5,1.3,17.5,3.6,13.8,1.9,11,2,8.2,2.1,20.7,4.4,14.3,1.9,13.4,2.4,10.3,2.1,15.4,3.2,15,1.9,16.2,2.4,17.4,2.5,10.4,2.9,16.2,2.3,19,2.6,22.2,3.2,9.1,3.4,11.9,2,14.5,2.4,16.6,2.8,5.3,2.8,9.1,1.5,11.9,2,15.5,2.6,2,1.8,2.2,0.7,2.7,0.9,3.3,1.1,0.8,1.2,0.7,0.5,1,0.7,1.4,0.9,0,0.8,40003,2651,49135,3256,58548,3410,20864,2218,52205,2631,60906,3134,69964,4068,29464,3430,37.3,(X),(X),(X),(X),(X),(X),(X),(X),(X),36,(X),(X),(X),(X),(X),(X),(X),(X),(X),(X),(X),37.9,(X)
0500000US01081,"Lee County, Alabama",57171,687,35939,853,25477,813,21232,760,13.5,0.8,7.1,1,1.7,0.6,25.8,1.9,6.7,0.8,3.7,0.7,1.8,0.6,12.2,1.9,11.6,0.9,9.5,1.1,4.9,1,16.2,1.9,9.5,0.9,8.2,1.1,6.2,1.1,11.4,1.5,13.3,1.1,12.4,1.2,12.5,1.5,14.3,2,16.1,1.1,18.9,1.4,21.5,1.7,10.5,1.8,11.4,0.9,15.1,1.1,19.2,1.5,5,1.2,11.2,1,15,1.4,18.3,1.6,3.9,1.2,3.9,0.6,5.9,0.9,8.1,1.2,0.3,0.3,2.9,0.5,4.3,0.7,5.8,1,0.4,0.3,44570,2152,61141,2328,76530,2143,22152,1735,61914,2001,78290,2782,94539,3878,32269,2273,30.3,(X),(X),(X),(X),(X),(X),(X),(X),(X),29.7,(X),(X),(X),(X),(X),(X),(X),(X),(X),(X),(X),30.4,(X)
0500000US01083,"Limestone County, Alabama",32213,661,23293,660,18584,654,8920,585,7,1.1,4.4,1,2.4,0.9,14.4,2.8,6.3,0.9,3.4,0.9,1.4,0.6,14.8,2.4,11.6,1.2,8.2,1.3,6.4,1.2,21.6,3.3,11.4,1.5,10,1.6,7.5,1.4,15.2,2.7,14.2,1.4,15,1.7,14.7,2.2,11.7,2.3,16.5,1.4,16.9,1.8,17.5,2.1,13.3,2.3,11.8,1.3,14.8,1.6,17.3,2,4.1,1.2,12.4,1.3,15.9,1.8,18.8,2.1,2.9,1.2,5.5,1.1,7.3,1.4,9,1.8,1,0.8,3.3,0.6,4.1,0.8,5,0.9,1,0.7,49570,1409,60588,3206,75205,3892,24593,1812,67715,2516,78441,2807,N,N,38101,5217,33.8,(X),(X),(X),(X),(X),(X),(X),(X),(X),33.4,(X),(X),(X),(X),(X),(X),(X),(X),(X),(X),(X),33.8,(X)
0500000US01085,"Lowndes County, Alabama",4282,164,2833,197,1406,154,1449,161,17.3,3,12.4,3.4,2.1,1.5,30.3,6,13.1,2.3,8,2.8,1.7,1.3,23.5,5.7,18.4,3.7,14.1,3.7,6,3,24.8,6.5,9.7,2,10.2,2.6,10,3.9,8.6,2.8,13,2.5,16.4,3.2,15.5,4.4,6.3,2.5,12.8,2.9,16.1,3.9,21.6,5.5,4.9,2.6,6,1.9,8.8,2.9,15.9,5.2,0.8,0.9,6.5,1.9,9.5,2.9,18.2,5.5,0.6,0.7,1.6,1.1,2.8,1.7,5.5,3.4,0.2,0.3,1.5,1,1.8,1.3,3.6,2.6,0,2,25876,2478,40055,4262,65217,8571,13761,2057,45423,6761,58142,9606,N,N,19100,2014,41,(X),(X),(X),(X),(X),(X),(X),(X),(X),46.1,(X),(X),(X),(X),(X),(X),(X),(X),(X),(X),(X),30.8,(X)
0500000US01087,"Macon County, Alabama",8009,240,4677,255,2274,161,3332,220,17.6,2.1,12.2,2.5,4.2,1.9,26.3,3.9,9.1,1.7,7.3,1.6,2.6,1.4,13.7,3.1,15.9,2,11.9,2.4,5.6,2,19.7,3.3,11.5,1.8,11.5,2.4,8.3,2.7,12.6,2.8,15.5,2,17.4,3,21.8,4.7,13.1,2.8,14.2,2,17.4,2.9,20.5,4.2,9.7,2.5,8.4,1.4,10.2,2,14.9,3.1,3.6,1.9,6,1.2,9.9,2.1,17.4,3.8,0.3,0.3,1.5,0.6,1.8,0.9,3.7,1.9,1.1,0.8,0.3,0.3,0.5,0.4,1.1,0.9,0,0.9,30738,2093,40630,3268,60176,5703,19211,2272,41830,1872,50850,2935,N,N,27064,2141,51.6,(X),(X),(X),(X),(X),(X),(X),(X),(X),54.2,(X),(X),(X),(X),(X),(X),(X),(X),(X),(X),(X),46.2,(X)
0500000US01089,"Madison County, Alabama",137767,976,89551,1117,66389,1305,48216,1206,6.8,0.5,3.8,0.4,1,0.3,13,1.1,5.3,0.4,3.2,0.5,1.3,0.3,9.3,0.9,9.4,0.6,6.9,0.6,3.9,0.5,14.9,1.2,9.8,0.5,7.9,0.6,5.7,0.6,13.1,1.2,12.8,0.6,11.3,0.8,9.7,0.9,15.5,1.2,16.6,0.8,16.6,0.9,16.5,1,16.3,1.2,11.8,0.7,13.6,0.7,15.7,1,7.9,1.1,15.9,0.7,20.5,1,25.1,1.2,7.2,0.9,6.6,0.5,9.1,0.6,11.8,0.9,1.6,0.4,5.1,0.4,7.1,0.5,9.3,0.7,1.2,0.3,57993,1443,75551,1631,93275,2065,34761,1240,79044,1507,95528,1941,112473,2466,46808,1453,28.2,(X),(X),(X),(X),(X),(X),(X),(X),(X),28.4,(X),(X),(X),(X),(X),(X),(X),(X),(X),(X),(X),26.6,(X)
0500000US01091,"Marengo County, Alabama",8281,291,5122,258,3367,228,3159,280,18.7,3,9.4,2.8,1.4,1.1,34.1,5.2,8,1.8,4.1,1.9,2.5,1.6,14.4,4,14.9,2.7,12.5,2.9,7.9,2.8,19,4.9,12.5,2.4,12.7,2.8,11.6,3.6,12,4,12.1,2.1,14,2.8,13.5,2.9,9.1,2.9,14.8,2.4,19.3,3.3,21.6,4.1,7.5,3.3,5.5,1.3,8.6,2.2,12.2,3.1,0.8,0.8,9.6,2,14,2.8,20.8,4.4,2,1.5,2.3,0.9,3,1.3,4.6,1.9,1,1.1,1.5,0.9,2.5,1.5,3.7,2.3,0.1,0.1,32042,2576,45524,4971,62277,6417,15780,2946,50336,4703,65592,7519,N,N,24993,3211,34,(X),(X),(X),(X),(X),(X),(X),(X),(X),33,(X),(X),(X),(X),(X),(X),(X),(X),(X),(X),(X),35.2,(X)
0500000US01093,"Marion County, Alabama",12714,358,9059,402,6871,376,3655,370,11.8,2,7.4,1.8,3.4,1.6,24.4,4.9,8.8,1.8,5.6,1.5,2.5,1.3,18.5,5,17.7,2.6,11.9,2.3,10.1,2.5,29.4,5.1,14,2.1,15.5,2.5,13.8,2.7,10.5,3,15.5,2.5,18.1,3.1,18,3.5,8.6,3.4,14.1,2.1,17.9,2.7,22.5,3.5,5.1,2.2,6.6,1.1,8.4,1.5,10.5,1.8,1.4,1,7.8,1.8,10.4,2.6,13.4,3.2,1.1,1,1.9,0.9,2.7,1.3,3.6,1.7,0,0.8,1.8,0.8,1.9,1.1,2.4,1.4,0.9,1,32299,2084,41635,2792,51126,2026,17625,1791,47656,2615,56255,3490,N,N,23900,2922,33.8,(X),(X),(X),(X),(X),(X),(X),(X),(X),33.3,(X),(X),(X),(X),(X),(X),(X),(X),(X),(X),(X),33.7,(X)
0500000US01095,"Marshall County, Alabama",34261,619,24469,608,18423,571,9792,632,8,0.9,5.1,0.9,1.6,0.5,16.7,2.7,8.4,1,5,0.9,3.2,0.9,16.7,2.1,16,1.3,13,1.4,10.1,1.3,24.2,2.8,13.3,1.3,12.9,1.7,10.5,1.6,15.3,2.1,15,1.3,15.8,1.5,17.2,1.8,12.1,2.5,16.1,1.3,18.3,1.6,20.2,1.9,9.4,1.8,9.9,0.9,12.6,1.3,15.4,1.6,2.6,0.9,8.3,0.8,10.8,1.2,13.5,1.6,1.8,0.6,2.5,0.5,3.2,0.6,4,0.8,0.8,0.5,2.6,0.5,3.4,0.7,4.3,0.9,0.4,0.3,38983,1262,48138,1941,58859,2795,21587,1701,55974,1940,65885,2438,75845,3242,29587,1893,33.7,(X),(X),(X),(X),(X),(X),(X),(X),(X),34.1,(X),(X),(X),(X),(X),(X),(X),(X),(X),(X),(X),31.4,(X)
0500000US01097,"Mobile County, Alabama",154188,1133,103554,1048,68559,1142,50634,1247,10.2,0.5,7.4,0.6,2.3,0.4,17.6,1.2,7,0.4,4.1,0.4,1.6,0.3,13.2,1.1,13.2,0.7,10.4,0.6,6,0.5,18.9,1.3,11.1,0.5,10.3,0.7,8.1,0.7,13,1.1,13.7,0.7,13.3,0.8,12.7,1,14.4,1.1,18.3,0.6,20.7,0.8,23.7,1,12.9,1,11,0.5,13.8,0.7,17.9,1,5.1,0.6,10.2,0.5,13.4,0.7,18.1,1,3.3,0.6,2.8,0.3,3.7,0.4,5.3,0.6,0.7,0.2,2.3,0.3,3.1,0.4,4.3,0.6,0.7,0.2,43809,999,54215,1250,70772,1362,25167,898,58783,1003,68799,1402,84598,1794,36461,1198,32.5,(X),(X),(X),(X),(X),(X),(X),(X),(X),33.6,(X),(X),(X),(X),(X),(X),(X),(X),(X),(X),(X),29.1,(X)
0500000US01099,"Monroe County, Alabama",8406,267,5352,288,3841,251,3054,255,23.3,2.7,14.3,3.2,8.6,3.2,40.6,5.8,7.7,1.7,4.2,1.6,3,1.2,14,3.6,15.9,2.3,14.9,2.8,10.2,3.1,17.8,4.3,10.3,1.9,10.9,2.8,10.1,2.7,8.7,3.3,14.2,2.7,16.2,3.8,17.3,4.8,10.5,3.7,13.8,2.7,18,3.8,22.7,4.8,5.5,2.2,7.3,1.5,10.9,2.3,14.2,3.2,0.8,0.8,5.3,1.1,7.5,1.8,10,2.5,1.4,0.9,1.5,0.6,2.3,1,2.9,1.4,0,1,0.6,0.5,0.7,0.7,0.9,1,0.6,0.7,27257,3360,39818,3402,50619,5338,13154,2149,39437,2601,48954,3350,N,N,21755,3448,46.7,(X),(X),(X),(X),(X),(X),(X),(X),(X),48.7,(X),(X),(X),(X),(X),(X),(X),(X),(X),(X),(X),42.3,(X)
0500000US01101,"Montgomery County, Alabama",89532,953,56843,1212,33857,1079,32689,1007,10.2,0.8,7.8,0.9,1.5,0.5,16,1.5,7.1,0.7,5.2,0.7,1.7,0.5,10.9,1.3,12,0.6,10,1,4.4,0.7,15.6,1.4,10.9,0.9,9.7,1,7,1,13.3,1.4,14.5,0.8,12.6,0.8,10.5,1.2,17.4,1.7,17.1,0.9,18.2,1.1,21,1.4,14.8,1.5,10.7,0.7,12.7,1,17.2,1.3,6.6,0.9,10.5,0.6,14.1,1,21.3,1.6,3.7,0.5,3.5,0.4,5.1,0.6,7.9,0.9,0.6,0.2,3.3,0.4,4.7,0.6,7.5,0.9,1,0.3,44369,1030,56169,1761,80798,2336,30460,1271,62201,1353,73679,1882,98797,2927,40241,1737,34.2,(X),(X),(X),(X),(X),(X),(X),(X),(X),37,(X),(X),(X),(X),(X),(X),(X),(X),(X),(X),(X),27.1,(X)
0500000US01103,"Morgan County, Alabama",46235,569,31614,600,23371,650,14621,658,8.4,0.9,5.5,1,1.2,0.5,15.5,1.9,6.3,0.9,3.9,1,1.1,0.5,12.6,2.2,12,1.1,9,1.3,6,1.2,19,2.6,11.9,1,10.3,1.1,8.6,1.1,15.7,2.1,15.5,1.2,15.4,1.5,16.2,1.7,14.6,2.1,18.4,1.3,20.9,1.7,23.1,1.9,12.3,1.7,11,0.9,13.5,1.3,16.3,1.6,5.1,1.3,10.7,1,14.1,1.3,18.2,1.7,3.2,1,3.4,0.5,4.3,0.7,5.4,0.9,1.4,0.7,2.3,0.4,3.1,0.5,4,0.7,0.6,0.6,45751,1183,56488,2105,67117,1930,26330,1341,60761,1600,70639,2157,82937,2491,37677,3878,28.4,(X),(X),(X),(X),(X),(X),(X),(X),(X),28.4,(X),(X),(X),(X),(X),(X),(X),(X),(X),(X),(X),27.3,(X)
0500000US01105,"Perry County, Alabama",3450,228,2292,251,1042,191,1158,209,20.1,4.3,15.1,5,8.9,7.1,31.4,10.1,11.3,4.2,8.4,3.7,2.3,2.1,16.8,8.6,19.6,5.3,18.3,6.3,10.3,6.5,25,9.8,13,3.7,12.3,4.8,10.1,6.8,13.4,7.2,11.5,3.6,14,4.6,17.7,7.2,4,3.4,12.5,3.6,14.6,5.1,20.4,9.5,8.2,4.6,4,1.8,5.1,2.6,9.5,4.9,1.1,1.4,3.7,2.1,5.6,3,8.5,5.3,0,2.6,3,1.7,4.5,2.5,8.5,5.5,0,2.6,1.3,1.2,2,1.8,3.7,3.9,0,2.6,24537,2928,30347,6232,(X),(X),15431,3226,38795,4583,47516,6214,N,N,20111,3363,44,(X),(X),(X),(X),(X),(X),(X),(X),(X),46.7,(X),(X),(X),(X),(X),(X),(X),(X),(X),(X),(X),37,(X)
0500000US01107,"Pickens County, Alabama",7644,266,4891,286,3332,240,2753,240,17.3,2.2,10.1,2.5,2,1.7,30.6,4.4,9.7,1.7,6.5,2.1,2.9,1.8,15.2,3.3,15.4,2,13,1.9,8.4,2.1,21.8,4.4,12.2,2,13.2,2.6,12.2,3.2,9.3,2.4,13.4,2.5,13.5,2.7,13.9,3.5,12.4,3.9,15.4,2.5,19.7,3.2,26.4,4.5,6.9,2.5,8.2,1.8,11.8,2.6,16.6,3.6,2.1,1.6,6.2,1.7,9.3,2.7,13.7,3.7,0.5,0.5,1.2,0.6,1.9,0.9,2.7,1.3,0,1.1,1,0.7,1,0.8,1.3,1.1,1.1,1.4,30330,2351,41840,2962,55646,2759,16626,1905,42939,3005,52883,4383,N,N,24489,3188,35.5,(X),(X),(X),(X),(X),(X),(X),(X),(X),36.1,(X),(X),(X),(X),(X),(X),(X),(X),(X),(X),(X),33.8,(X)
0500000US01109,"Pike County, Alabama",12786,427,7861,406,5234,348,4925,509,16.3,2.6,9.5,2.7,1.8,1.4,27.4,4.6,7.1,1.3,3.3,1.3,0.8,0.4,13.4,3.1,15.5,2.7,13.7,2.6,8.4,2.1,20.7,5.2,12.6,2.3,12.1,2.8,10.6,2.5,13.2,4,15.6,2.1,16.1,2.6,16.4,2.6,13.4,2.7,13.2,1.9,16.2,2.5,22.2,3.6,8.2,2.2,8.2,1.7,12.3,2.6,15.7,3.5,1.6,0.9,6.9,1.4,10,2.2,13.9,3.3,1.7,1,3.1,1.1,4.6,1.7,7,2.6,0.4,0.5,1.4,0.8,2.1,1.2,3.2,1.8,0,0.1,32825,2455,46716,3127,61637,5472,18740,2439,48558,2776,61951,3863,79011,5043,25549,2079,41.4,(X),(X),(X),(X),(X),(X),(X),(X),(X),39.7,(X),(X),(X),(X),(X),(X),(X),(X),(X),(X),(X),41.5,(X)
0500000US01111,"Randolph County, Alabama",8915,326,5978,372,4461,330,2937,332,13.7,2.5,8.1,2.9,3.2,1.8,25.9,5.2,10.4,2.1,4.5,1.6,3.5,1.9,22.1,5,12.1,2.1,10,2.3,8.6,2.3,16.6,4.1,11.7,2.2,11.7,2.6,10.4,2.5,11.9,4.6,15.8,2.2,20.9,3.2,19.9,3.6,8.7,2.5,20,3,23.1,3.8,28.6,4.9,9.7,3.6,8.1,1.8,10.4,2.3,11.7,2.6,3.7,3.7,6.6,2,8.6,2.7,10.6,3.6,1.4,1.6,0.6,0.4,0.9,0.5,1.1,0.7,0,1,1.2,0.8,1.8,1.1,2.4,1.5,0,1,36924,2722,46633,3347,52522,2732,15944,2637,46845,3467,56451,4797,N,N,25333,3063,37.6,(X),(X),(X),(X),(X),(X),(X),(X),(X),40.7,(X),(X),(X),(X),(X),(X),(X),(X),(X),(X),(X),30.4,(X)
0500000US01113,"Russell County, Alabama",22241,423,14484,531,9090,512,7757,546,10.5,1.4,6.7,1.4,1.2,0.7,18.5,3,7.6,1.4,5.3,1.6,1.2,0.8,11.8,2.3,14.1,1.8,10.5,2,7.5,2.2,21.9,3.2,15.2,2.5,14.9,3.1,13,3.1,16.2,3.8,14.5,2,16.2,2.6,15,3.2,13.5,3.3,16.7,1.9,19.7,2.5,23.5,2.8,8.3,2.4,10.6,1.5,12,2,16.6,3.2,6.8,2.3,7.9,1.3,11.1,1.8,16.9,2.7,1.6,1,2,0.5,2.5,0.9,3.9,1.4,1,0.9,0.7,0.3,0.9,0.4,1.3,0.7,0.3,0.5,37049,2363,44886,4003,(X),(X),23660,2424,49746,2112,57229,2221,71656,3223,33579,3883,32.5,(X),(X),(X),(X),(X),(X),(X),(X),(X),33.4,(X),(X),(X),(X),(X),(X),(X),(X),(X),(X),(X),29.7,(X)
0500000US01115,"St. Clair County, Alabama",31979,527,23154,606,18326,755,8825,575,7.3,1.1,5,1.1,2.4,0.9,15.3,2.7,5.9,1,3.5,0.9,2.5,0.8,12.2,2.7,10.3,1.1,8.6,1.6,6.7,1.4,16.8,2.3,12,1.6,9.6,1.7,8.6,1.6,16.4,3.2,12.1,1.5,12.2,1.9,10.5,1.9,13.5,2.7,21.8,1.9,23.2,2.4,24.8,2.6,16.5,3.2,14.3,1.5,17.1,2,19.7,2.3,5.3,2.1,11.1,1.2,14.1,1.6,16.5,2,2.7,1.4,3.2,0.7,4,1,4.9,1.2,0.8,0.7,2,0.6,2.7,0.9,3.4,1.1,0.4,0.5,51859,1549,61031,2626,68170,3869,28356,1866,62766,2573,71710,3387,N,N,36650,2603,31.3,(X),(X),(X),(X),(X),(X),(X),(X),(X),30.7,(X),(X),(X),(X),(X),(X),(X),(X),(X),(X),(X),32.2,(X)
0500000US01117,"Shelby County, Alabama",75534,656,54072,828,44391,782,21462,804,3.8,0.4,2,0.4,1,0.3,8.8,1.2,3.1,0.5,1.4,0.4,1,0.4,7.5,1.2,8.1,0.7,5.8,0.7,3.9,0.6,14.5,1.6,8.6,0.7,6,0.7,4.7,0.7,15.6,1.8,11.5,0.7,10.2,0.8,8.5,0.9,14.9,1.5,18.2,1,18.1,1.1,17.6,1,18.5,1.9,15.9,0.9,17.7,1.2,18.8,1.3,10.2,1.5,17.5,0.9,21.2,1.2,24.2,1.2,7.3,1.4,7.3,0.5,9.5,0.7,10.7,0.8,1.4,0.5,6.1,0.5,8.1,0.7,9.6,0.8,1.2,0.4,70187,1477,84311,1801,92391,2030,38274,2802,87820,2085,101989,2847,112018,3325,50097,2085,25.7,(X),(X),(X),(X),(X),(X),(X),(X),(X),25.8,(X),(X),(X),(X),(X),(X),(X),(X),(X),(X),(X),25.1,(X)
0500000US01119,"Sumter County, Alabama",4815,218,2744,251,1438,215,2071,231,24.5,4.1,10.9,3.2,1.9,1.9,44,7.8,17.1,3.5,14.9,4.2,8.1,4.2,20.4,5.7,17,3.6,16.2,5,14,6.8,16.7,5.1,8,2.3,7.2,2.7,7,4.2,8.7,3.9,12.3,2.3,18,3.9,18.1,5.8,5.2,2.4,10.3,2.5,14.4,4.3,20.3,7,4.4,2.9,6,2.2,10.4,3.8,15.9,6.6,0.4,0.6,3.7,1.5,6.2,2.8,11.2,4.7,0.2,0.3,0.9,0.6,1.6,1.1,3.1,2.2,0,1.4,0.1,0.2,0.2,0.3,0.4,0.7,0,1.4,19501,2420,35600,5198,(X),(X),11583,1844,31841,2170,43723,3215,N,N,15633,2055,35.9,(X),(X),(X),(X),(X),(X),(X),(X),(X),37.7,(X),(X),(X),(X),(X),(X),(X),(X),(X),(X),(X),33.3,(X)
0500000US01121,"Talladega County, Alabama",31424,568,21688,638,14302,600,9736,596,11.6,1.2,8.7,1.2,1.8,0.7,20.2,2.6,9,1.1,4.9,1.1,1.7,0.5,18.4,2.7,16.2,1.5,13.8,1.5,9.2,1.4,22.4,2.9,13.2,1.3,13,1.4,12.9,1.8,11.7,2.4,14.3,1.3,14.7,1.6,15.9,1.9,13,2.5,15.6,1.4,18.5,1.9,21.7,2.5,8.8,1.6,9.3,1.3,11.6,1.5,15.3,2.1,3.5,1.3,8,1.1,10.7,1.6,15.7,2.3,1.6,0.7,1.9,0.6,2.7,0.8,3.8,1.1,0.1,0.2,1,0.4,1.3,0.5,2,0.8,0.3,0.3,35155,1837,44397,1901,58462,3088,19284,1218,48642,1688,56828,2314,71040,3401,28488,2286,35,(X),(X),(X),(X),(X),(X),(X),(X),(X),35.6,(X),(X),(X),(X),(X),(X),(X),(X),(X),(X),(X),32.1,(X)
0500000US01123,"Tallapoosa County, Alabama",16323,390,11466,435,8103,384,4857,400,11,1.8,7.2,1.7,1.5,0.7,22.3,4.7,7.6,1.5,4.7,1.2,2.5,0.9,13.2,3.6,14.9,2,12.9,2.4,8.5,2,20.1,4.3,11.8,1.9,11.6,2.2,8.8,1.9,12.7,3,14.7,1.8,14.2,2.3,16.1,2.6,14.6,3.2,17.8,2.2,20.9,2.6,25.1,3,10.9,2.9,10.3,1.7,13.4,2.1,16.9,2.8,3.2,2,8.3,1.4,10.8,2,14.4,2.8,1.9,1,2.1,0.8,2.5,1,3.5,1.4,1,1.2,1.4,0.6,2,0.8,2.8,1.1,0.2,0.3,39206,2289,49427,3251,61090,2664,22155,2463,51602,2249,60152,3117,N,N,30228,2745,33.5,(X),(X),(X),(X),(X),(X),(X),(X),(X),33.2,(X),(X),(X),(X),(X),(X),(X),(X),(X),(X),(X),34,(X)
0500000US01125,"Tuscaloosa County, Alabama",69128,1006,45971,788,32397,739,23157,870,9.6,0.7,5.5,0.8,1.3,0.4,18.8,1.9,7,0.7,5,0.8,2.1,0.6,11.6,1.5,12.1,0.8,9,1,4.8,0.8,19.3,1.8,10,0.8,8.9,0.9,6.6,1,11.9,1.6,14,0.9,13.3,1,12.5,1.1,14.6,1.7,17.1,0.9,18.6,1.1,20.9,1.4,13.2,1.6,12.7,0.9,16,1.2,19.7,1.5,6,1.1,11.4,0.7,15.3,1.1,20.6,1.4,3.3,0.8,3.3,0.4,4.5,0.5,6.2,0.7,0.6,0.4,2.8,0.4,3.9,0.6,5.3,0.8,0.6,0.3,46565,1280,59726,1707,76671,1846,25147,1177,62431,1431,74786,2030,91307,2892,36191,1710,38.3,(X),(X),(X),(X),(X),(X),(X),(X),(X),39.9,(X),(X),(X),(X),(X),(X),(X),(X),(X),(X),(X),33.9,(X)
0500000US01127,"Walker County, Alabama",25602,429,17977,527,13043,515,7625,539,10.4,1.3,6.7,1.2,2,0.7,21.2,3.1,8.7,1.1,4.8,1.1,2.5,0.9,18.8,3,17.3,1.7,14.1,2,10.6,2,24.5,3.1,12.7,1.3,12,1.4,11.4,1.6,14.2,2.3,14,1.4,15.9,1.7,17.2,2.2,8.9,1.4,16.7,1.6,20.3,2.2,22.8,2.5,8.2,1.9,8.7,1.1,10.7,1.4,13.2,1.8,2.3,0.8,8.2,1.1,11.2,1.5,14.8,2.1,1.2,0.7,1.9,0.5,2.5,0.7,3.2,0.9,0.2,0.3,1.4,0.4,1.7,0.5,2.1,0.7,0.6,0.5,35843,1700,47069,2033,56348,2305,19105,1742,49856,1609,58946,2453,N,N,26511,1819,33.7,(X),(X),(X),(X),(X),(X),(X),(X),(X),33.8,(X),(X),(X),(X),(X),(X),(X),(X),(X),(X),(X),31.4,(X)
0500000US01129,"Washington County, Alabama",6133,256,4495,299,3470,255,1638,224,9.6,2.1,5.7,1.9,2.7,1.4,20.3,6.1,6.7,1.6,4.2,1.6,3.5,1.7,13.7,4.4,13.7,2.2,12.5,2.5,8.4,1.9,19.4,5.5,11.8,2.7,10.5,3,9.7,2.9,16.3,5.9,16.8,2.8,18.4,3.6,18.5,4.4,10.5,4.1,18.4,2.8,20,3.7,22.2,4.3,13.4,5.2,12.6,2.4,15,2.9,18.1,3.4,5.2,3,7.6,1.8,10.1,2.4,12.3,3,0.7,0.9,1.9,1.4,2.6,1.9,3.4,2.5,0,1.8,0.9,0.5,1,0.7,1.3,0.8,0.6,0.9,42811,2262,48031,4715,56594,4963,22817,4940,51777,2901,58650,3118,N,N,31839,5665,29.1,(X),(X),(X),(X),(X),(X),(X),(X),(X),30.8,(X),(X),(X),(X),(X),(X),(X),(X),(X),(X),(X),23,(X)
0500000US01131,"Wilcox County, Alabama",3843,183,2430,180,1330,152,1413,164,26,3.8,19,4.6,7.7,3.9,40.9,6.8,8,1.9,6.3,2.2,2.5,1.8,11.6,3.9,17.5,3.3,15.1,3.7,8.6,4.2,18.7,5.3,12.4,2.6,10.9,3.4,11.3,4.7,14.1,4.3,12.8,2.7,15.1,3.8,16.9,5.3,9.4,3.9,10.3,2.2,13.5,3.1,20.5,4.9,4.2,2.1,4.6,1.4,7,2.3,11.2,4,0.6,1.1,5.5,2.1,8.5,3.3,12.7,5.4,0.4,0.7,2.4,1.2,3.8,2,7,3.5,0,2.1,0.6,0.5,0.9,0.8,1.7,1.4,0,2.1,23750,3287,32727,5976,51639,4843,13918,2894,36925,3463,47644,5045,N,N,17949,2278,48,(X),(X),(X),(X),(X),(X),(X),(X),(X),49.8,(X),(X),(X),(X),(X),(X),(X),(X),(X),(X),(X),44.4,(X)
0500000US01133,"Winston County, Alabama",9406,356,6394,326,4981,345,3012,305,12.3,2.3,6.6,1.8,2.5,1,25.5,6.1,8.9,1.6,4.7,1.5,4.7,1.7,18.1,4.4,17.6,2.2,14.1,2.6,12.5,2.8,26,4.8,13.7,2.1,15.4,2.9,13.8,3.2,9.3,2.3,14.1,2.1,16.5,2.9,16.1,3.5,8.5,3.6,18.8,2.6,22.8,3.2,25.9,4.2,9.4,3.7,6.7,1.4,9.2,1.9,10.9,2.3,1.2,0.8,6,1.4,8.4,2.1,10.6,2.6,0.9,0.8,1,0.5,1.5,0.7,1.9,0.9,0.1,0.1,0.9,0.5,0.8,0.6,1,0.8,1,0.8,33194,2169,41493,2623,50213,4058,17154,1739,45018,2515,52785,2845,N,N,27393,5403,33.3,(X),(X),(X),(X),(X),(X),(X),(X),(X),32.5,(X),(X),(X),(X),(X),(X),(X),(X),(X),(X),(X),33.9,(X)
